"","sample.name.match","Site","SiteSamp","Axis1","MAP.mm","ph","P","K","Cu","Mn","Zn","TIN","perc.C","perc.sand","max.height.m","stand.age.yrs.num"
"L18","L18","CGF-MON-PRO","CGF-MON-PRO-2",4.40202577731055,6.0937909209952,2.15146831530139,1.1032922656704,1.78787227554481,0.876505427977524,0.801474979386928,0.854645010350665,0.834980936678094,-1.0092565720302,-0.000689345596492311,1.12650602409639,0.884694439706475
"L105","L105","UCP-MXG-NCD","UCP-MXG-NCD-8",0.382595458345893,6.36386948930598,1.60432766615147,1.45197208400828,1.47837987549898,0.227514786793553,0.446590268629798,0.598344711554466,0.631958263107985,-1.57135423579776,0.45315613156949,1.24096385542169,1.26631956334879
"L31","L31","CGF-MXG-PRO","CGF-MXG-PRO-7",4.53869613715524,6.0937909209952,1.65842349304482,1.17047269240478,1.87733633887851,0.63408693013458,0.953371469780102,0.759213970633437,0.883831092964417,-1.33238111588192,-0.240086482822966,1.09638554216867,0.985499489933852
"L12","L12","CCR-ONE-NCD","CCR-ONE-NCD-4",-6.09418213213837,6.421977302488,2.1097372488408,1.49245669345602,1.4853718745039,0.805466873939934,0.683075866609251,1.21603840667843,0.667241154703239,-1.53753312179902,0.566897672717566,1.4578313253012,1.26631956334879
"L42","L42","CRE-MXT-NCD","CRE-MXT-NCD-2",0.28451142783219,6.5048559580969,1.78361669242658,1.39371042390848,1.63516357263203,0.239883487732729,1.02541848331969,0.595262070513142,0.530862863176285,-1.66679886240746,0.30834211289416,1.32530120481928,0.618374876357686
"L6","L6","BRF-ONE-COM","BRF-ONE-COM-6",4.28714549291171,6.38007420340463,1.72179289026275,0.688774925142026,1.52764450969255,0.188101407149158,0.75812787589768,0.507128652405886,0.5796499944589,-1.63186636883301,0.114611314414461,1.48795180722892,0.688426084465051
"L1","L1","BRF-ONE-COM","BRF-ONE-COM-1",3.89595606937821,6.38007420340463,1.68624420401855,0.94981980970931,1.5064217901309,0.159398732132227,0.788064660647567,0.60494951482365,0.657539397264755,-1.52697696476625,0.291921191614349,1.46385542168675,0.688426084465051
"L48","L48","CRE-MXT-NCD","CRE-MXT-NCD-8",-5.19331309496272,6.5048559580969,1.6661514683153,1.4564701790239,1.40201896434478,0.184206900620913,0.990054436972758,0.559067074172844,0.616430007996057,-1.66157900761823,0.379567839567279,1.13253012048193,0.618374876357686
"L59","L59","LWR-BHO-NCS","LWR-BHO-NCS-3",-3.61998107418607,6.41772151898735,1.85625965996909,1.5364639488293,1.69738862397429,0.210148507629783,0.604982167311078,0.659955510872258,0.346253031667455,-1.77093996344806,0.300544396812591,1.30722891566265,0.954745647813834
"L3","L3","BRF-ONE-COM","BRF-ONE-COM-3",4.97927866287471,6.38007420340463,1.79134466769706,0.853905651122938,1.69062880684271,0.165301760181003,0.738267460837545,0.588200644327277,0.652354316711664,-1.44717514765901,0.231291500689088,1.42168674698795,0.688426084465051
"L108","L108","WBI-NRT-NCS","WBI-NRT-NCS-5",1.43561997336455,7.0937909209952,2.02936630602782,1.59398912584941,1.69341726110533,0.693641407662758,0.593367894971766,0.808302689229897,0.827447173477721,-1.49400874169687,0.403855295117377,1.32530120481928,0.798958690046365
"L93","L93","SFA-ONE-PRO","SFA-ONE-PRO-4",-4.29317768832409,6.79550414666085,1.83462132921175,1.04944636100821,1.74092549656704,0.192166683169244,0.622281403619323,0.468109533618447,0.277962451902839,-1.50356424142349,0.275149852815218,1.34939759036145,0.266319563348788
"L22","L22","CGF-MON-PRO","CGF-MON-PRO-6",5.06163828601074,6.0937909209952,2.23647604327666,1.02058079753525,1.93082957617499,0.854236914816825,0.856621667936277,0.896544275670403,0.807255164706908,-0.953474572437785,0.102107915492064,1.35542168674699,0.884694439706475
"L100","L100","UCP-MXG-NCD","UCP-MXG-NCD-3",3.36370286401305,6.36386948930598,1.53013910355487,1.42494028823231,1.62616514058953,0.20064109355831,0.499823326366399,0.615985034396282,0.66141738720722,-1.38267973640404,0.483685835674366,1.17469879518072,1.26631956334879
"L69","L69","MHC-ONE-NCD","MHC-ONE-NCD-4",4.69728396519559,6.59013531209079,2.12673879443586,0.902269907778054,2.02533084087582,0.380981239674138,0.769597510138193,0.616417781019088,0.633432699223135,-1.38042845664587,-0.0359976681293653,1.32530120481928,0.921314318110481
"L14","L14","CCR-ONE-NCD","CCR-ONE-NCD-6",-5.294517947525,6.421977302488,2.11901081916538,1.32892156069563,1.36595047624182,0.475021881720974,0.553813090747385,1.0202977041509,0.643166635557139,-1.68853582575411,0.574556712867442,1.57228915662651,1.26631956334879
"L63","L63","LWR-BHO-NCS","LWR-BHO-NCS-7",-1.06065224243124,6.41772151898735,1.91190108191654,1.3531175858373,1.85240003240487,0.267228868897028,0.527994881640232,0.595522933947852,0.417422892221906,-1.35870012232674,0.34371518786723,1.6144578313253,0.954745647813834
"L44","L44","CRE-MXT-NCD","CRE-MXT-NCD-4",2.32591827547021,6.5048559580969,1.80834621329212,1.48948007015294,1.50496771701327,0.203267068057042,1.0069126259289,0.663391163759685,0.443663771477009,-1.63663845399496,0.420878780260317,1.16867469879518,0.618374876357686
"L4","L4","BRF-ONE-COM","BRF-ONE-COM-4",1.36415953882741,6.38007420340463,1.81761978361669,0.890164795025495,1.66555334551666,0.158268873736022,0.840107507779104,0.568733662043517,0.732294575629245,-1.55214529260544,0.27891892743184,1.4578313253012,0.688426084465051
"L33","L33","CRE-MXG-NCD","CRE-MXG-NCD-1",-12.2377790628078,6.5048559580969,1.370942812983,1.63375873525624,1.55533786588182,0.4203166546542,0.988245608871008,0.640767066456705,0.480374489206712,-1.62252197105762,0.512415777830795,1.06024096385542,0.532639126697576
"L52","L52","LCO-MXT-COM","LCO-MXT-COM-4",1.34831491194713,6.8711807071148,1.34003091190108,0.977044508079576,1.53379871290469,0.0571900420788695,0.152061919937964,0.334317282422792,0.719389287200048,-0.885761483402486,0.0403377900180075,1.09036144578313,0.884694439706475
"L102","L102","UCP-MXG-NCD","UCP-MXG-NCD-5",-7.24887588325553,6.36386948930598,1.42040185471406,1.68617647368443,1.60718900790136,0.417704795458198,0.718054351313912,0.757318015973384,0.78918925207136,-1.33238111588192,0.221462356373724,1.40963855421687,1.26631956334879
"L13","L13","CCR-ONE-NCD","CCR-ONE-NCD-5",-7.18432511101933,6.421977302488,1.88562596599691,1.52109983491251,1.39583935165814,0.658929759334175,0.716170566988015,1.1370537073194,0.724412259899057,-1.49716384490267,0.535853409427204,1.48795180722892,1.26631956334879
"L91","L91","SFA-ONE-PRO","SFA-ONE-PRO-2",2.1178293108664,6.79550414666085,2.05873261205564,1.13503455359718,1.7355928403002,0.227097088729872,0.643073403378089,0.624337266613962,0.519920166506082,-1.31528172330855,0.284531093112869,1.50602409638554,0.266319563348788
"L89","L89","OTO-MXT-NCD","OTO-MXT-NCD-8",1.80724300903772,6.15206241815801,1.61051004636785,1.09648237373857,1.43483274822565,0.219059872008544,0.274179282870789,0.412873436614815,0.574229484712675,-1.57135423579776,0.22511593472986,1.63253012048193,0.798958690046365
"L51","L51","LCO-MXT-COM","LCO-MXT-COM-3",-4.94840146721471,6.8711807071148,1.3693972179289,0.917899043221523,1.3658405450186,0.0501847191730278,0.121988474679325,0.249862568498732,0.673230209130503,-1.03989305998527,0.037730686677307,0.933734939759036,0.884694439706475
"L71","L71","MHC-ONE-NCD","MHC-ONE-NCD-6",3.86872000817964,6.59013531209079,2.06027820710974,1.15446392156958,2.21988938141481,0.526292406239646,0.811380382148091,0.603694226041303,0.415186433621991,-1.25744480867269,-0.0244673960804771,1.48192771084337,0.921314318110481
"L57","L57","LWR-BHO-NCS","LWR-BHO-NCS-1",-10.9512394342719,6.41772151898735,1.887171561051,1.5091255019719,1.64138777236273,0.160545009401786,0.625208432268148,0.66755633836104,0.440620087480929,-1.52353073289337,0.202022453963345,1.37951807228916,0.954745647813834
"L10","L10","CCR-ONE-NCD","CCR-ONE-NCD-2",-6.75803965332128,6.421977302488,2.20401854714065,1.42581376210871,1.54302895399791,0.656151596861008,0.662549684566986,1.13211931581362,0.90402543953045,-1.55590002153648,0.611531051851841,1.63253012048193,1.26631956334879
"L41","L41","CRE-MXT-NCD","CRE-MXT-NCD-1",2.92164418922669,6.5048559580969,1.87017001545595,1.44113610755324,1.69547483720235,0.306716763030127,1.11089365304489,0.696485026081419,0.598013725333363,-1.61794597545618,0.337258754948344,1.42168674698795,0.618374876357686
"L49","L49","LCO-MXT-COM","LCO-MXT-COM-1",-10.449427182547,6.8711807071148,1.32921174652241,1.07354395200672,1.42283739278031,0.0460805642926834,0.154606026824338,0.369371811682024,0.874092163698529,-1.0258641402275,0.0576450254865492,1.26506024096386,0.884694439706475
"L77","L77","OTO-MON-NCD","OTO-MON-NCD-4",-7.18304584769542,6.15206241815801,1.7403400309119,1.08716857543497,1.4620495672398,0.219059872008544,0.449645336309669,0.630536820311007,0.735580497324239,-1.57935716722952,0.184782280480032,1.18072289156627,0.844213042232524
"L36","L36","CRE-MXG-NCD","CRE-MXG-NCD-4",1.35703800473105,6.5048559580969,1.63987635239567,1.54546522396659,1.4853718745039,0.398254209651587,0.98012112281972,0.719629201165959,0.351226639006953,-1.59596086333105,0.549262742943022,0.698795180722892,0.532639126697576
"L20","L20","CGF-MON-PRO","CGF-MON-PRO-4",4.49337390086915,6.0937909209952,2.10664605873261,0.886680084476143,1.73710255868258,0.752788177105584,0.685545247639737,0.699692815218754,0.779578334310701,-1.13812469572502,-0.0869208888243822,1.03614457831325,0.884694439706475
"L43","L43","CRE-MXT-NCD","CRE-MXT-NCD-3",3.40421533937261,6.5048559580969,1.81916537867079,1.54850301714778,1.53510971117749,0.297186143353881,1.07949685239017,0.671613329072067,0.470820098060687,-1.65137808443257,0.410912758134031,1.3433734939759,0.618374876357686
"L23","L23","CGF-MON-PRO","CGF-MON-PRO-7",3.36995809694913,6.0937909209952,2.0386398763524,0.963741392611977,1.63077027421738,0.825995778165436,0.814694648209554,0.755243381833277,0.382027939027551,-1.23326524674655,-0.124271210078283,1.28915662650602,0.884694439706475
"L55","L55","LCO-MXT-COM","LCO-MXT-COM-7",1.46659322189371,6.8711807071148,1.33539412673879,0.885663900921644,1.36105422854004,0.0447095592385199,0.110893653044886,0.282748498356412,0.643027047664637,-1.05187305644284,-0.0714947664144849,1.30722891566265,0.884694439706475
"L78","L78","OTO-MON-NCD","OTO-MON-NCD-5",-7.47123734577482,6.15206241815801,1.69706336939722,1.05064023767216,1.36810066549941,0.299042856002723,0.484752258292666,0.621883665596471,0.654654964436339,-1.56742335057519,0.235548466160222,1.41566265060241,0.844213042232524
"L5","L5","BRF-ONE-COM","BRF-ONE-COM-5",-3.43410128177944,6.38007420340463,1.72488408037094,0.874986717665189,1.56550226144844,0.192166683169244,0.776387051746883,0.621298360148512,0.563612432574948,-1.56353804982719,0.242092832673673,1.59638554216867,0.688426084465051
"L106","L106","WBI-NRT-NCS","WBI-NRT-NCS-3",-3.71326325260683,7.0937909209952,2.00772797527048,1.50183528477377,1.87179005724411,0.727782776209895,0.583646957508623,0.78202498618406,0.879732608384184,-1.54475965134378,0.427470586117976,1.63855421686747,0.798958690046365
"L54","L54","LCO-MXT-COM","LCO-MXT-COM-6",-4.16598494473622,6.8711807071148,1.25656877897991,0.917586905743683,1.60455340276837,0.0571900420788695,0.152061919937964,0.277320056045049,1.19594176591687,-0.770939963448061,-0.0297835353335638,1.19879518072289,0.884694439706475
"L104","L104","UCP-MXG-NCD","UCP-MXG-NCD-7",-0.770480667836277,6.36386948930598,1.62132921174652,1.56172749286926,1.75363619494149,0.275207068395591,0.616482543106454,0.69639737920981,0.753705749896709,-1.43907432756424,0.473273019724443,1.48795180722892,1.26631956334879
"L76","L76","OTO-MON-NCD","OTO-MON-NCD-3",-2.01416724177736,6.15206241815801,1.65996908809892,1.03519060630176,1.40560405786194,0.287903387691005,0.355892002251724,0.550203741651779,0.699377113303928,-1.66157900761823,0.19410897133127,1.3855421686747,0.844213042232524
"L74","L74","OTO-MON-NCD","OTO-MON-NCD-1",-2.04795536814692,6.15206241815801,1.67697063369397,1.10674271752619,1.54795198083829,0.361135123081371,0.436313492551082,0.591653720363282,0.577403381615785,-1.55590002153648,0.197402311738573,1.33734939759036,0.844213042232524
"L45","L45","CRE-MXT-NCD","CRE-MXT-NCD-5",2.41810200420442,6.5048559580969,1.75579598145286,0.916893509753674,1.44299625384723,0.282316885252807,0.967389580512913,0.747382052466327,0.455190351272304,-1.43377974169097,0.224335692922337,1.13253012048193,0.618374876357686
"L26","L26","CGF-MXG-PRO","CGF-MXG-PRO-2",4.27785540602707,6.0937909209952,1.76352395672334,1.19220593162716,1.96110460203002,0.690998181496655,0.989547574517593,0.798408344408015,0.464059874774881,-1.22891436351083,-0.308497335715383,1.20481927710843,0.985499489933852
"L97","L97","SFA-ONE-PRO","SFA-ONE-PRO-8",-4.97917159563034,6.79550414666085,1.82071097372488,1.20146622270405,1.76111414575313,0.1518154037747,0.600814413887694,0.505110736677017,0.422968984325342,-1.54475965134378,0.40432324683171,1.4578313253012,0.266319563348788
"L81","L81","OTO-MON-NCD","OTO-MON-NCD-8",-11.2410045487728,6.15206241815801,1.69088098918083,1.24961543833987,1.37278339205646,0.490732762753175,0.46195980223349,0.681302010697994,0.617917171296492,-1.60897774183961,0.24732163098477,1.30120481927711,0.844213042232524
"L90","L90","SFA-ONE-PRO","SFA-ONE-PRO-1",-3.04510990028768,6.79550414666085,2.00927357032457,1.01858681500973,1.66360250083574,0.197873002568445,0.555192984235506,0.439127377877221,0.351920372453647,-1.54843214219637,0.369231746834245,1.35542168674699,0.266319563348788
"L21","L21","CGF-MON-PRO","CGF-MON-PRO-5",4.41067894999775,6.0937909209952,2.16383307573416,1.04978691682187,1.82064422241591,0.857970196153959,0.781533372730932,0.870684494351985,0.743681428722351,-1.05890334730735,-0.0931432452331859,1.27710843373494,0.884694439706475
"L99","L99","UCP-MXG-NCD","UCP-MXG-NCD-2",3.73848443636931,6.36386948930598,1.58578052550232,1.3735019890859,1.45258556294769,0.182944809123406,0.484284209860825,0.585099548090556,0.49428736416729,-1.51008882520875,0.517854367696617,1.24096385542169,1.26631956334879
"L68","L68","MHC-ONE-NCD","MHC-ONE-NCD-3",4.90767625644352,6.59013531209079,1.85780525502318,1.03092930481531,2.09571787115017,0.472203330004491,0.76514340142962,0.610051747429361,0.453652329270198,-1.23472780799926,0.0162913432907588,1.50602409638554,0.921314318110481
"L95","L95","SFA-ONE-PRO","SFA-ONE-PRO-6",-0.348769736092301,6.79550414666085,1.98454404945904,1.29021366988912,1.86593822699326,0.129801407767193,0.587313289114269,0.513198624959495,0.510542696073005,-1.55214529260544,0.453741591567853,1.56626506024096,0.266319563348788
"L73","L73","MHC-ONE-NCD","MHC-ONE-NCD-8",5.73420098097463,6.59013531209079,1.98299845440495,1.27329046310322,2.27222826741765,0.635838815139466,0.833990774897301,0.643776940418118,0.673118944826966,-1.22037355611749,0.0119026161917324,1.56626506024096,0.921314318110481
"L79","L79","OTO-MON-NCD","OTO-MON-NCD-6",-2.16942534538193,6.15206241815801,1.75579598145286,1.09154353932656,1.32633810638414,0.320459181053117,0.425097387966247,0.600248473972004,0.610437875967043,-1.59596086333105,0.282529219374805,1.22289156626506,0.844213042232524
"L94","L94","SFA-ONE-PRO","SFA-ONE-PRO-5",0.770424009874225,6.79550414666085,1.77125193199382,0.775093661352425,1.35522818938656,0.0999353959058286,0.549407041323841,0.374224113390427,0.195941765916868,-1.59596086333105,0.376112789983035,1.36746987951807,0.266319563348788
"L80","L80","OTO-MON-NCD","OTO-MON-NCD-7",-2.53218001480108,6.15206241815801,1.76506955177743,1.20748998015424,1.3657187673425,0.329221786635672,0.416984282427818,0.636097980557467,0.466500789042126,-1.61794597545618,0.296024457685328,1.26506024096386,0.844213042232524
"L39","L39","CRE-MXG-NCD","CRE-MXG-NCD-7",0.479530565561756,6.5048559580969,1.82689335394127,1.37263263442199,1.65061277425889,0.588506164956019,0.826014981173953,0.778707928987769,0.350557847612526,-1.60024378206491,0.321893697042991,1.09036144578313,0.532639126697576
"L50","L50","LCO-MXT-COM","LCO-MXT-COM-2",-2.80215933410168,6.8711807071148,1.31839258114374,1.04181538974414,1.38621769154751,0.0878879891913369,0.128171061016245,0.333249216493652,0.840960443317211,-1.03570972450672,0.240179737799594,1.31927710843373,0.884694439706475
"L15","L15","CCR-ONE-NCD","CCR-ONE-NCD-7",-5.45339334997579,6.421977302488,1.79907264296754,1.63017408478631,1.61614719215005,0.833234549487385,0.80061439981543,1.23526313453883,1.03342612352535,-1.44445322412721,0.464481403734994,1.40361445783133,1.26631956334879
"L24","L24","CGF-MON-PRO","CGF-MON-PRO-8",3.03296492960934,6.0937909209952,2.10510046367852,1.06030025295369,1.82120793782537,0.875083357744227,0.921473749856205,0.834283437065711,0.735200834635073,-1.19857748343247,0.0543604891593539,1.41566265060241,0.884694439706475
"L40","L40","CRE-MXG-NCD","CRE-MXG-NCD-8",5.49792998657773,6.5048559580969,1.83616692426584,1.05000452332377,1.57670248050523,0.299792291298627,0.760175331701299,0.626197615963461,0.408192298105596,-1.46112412778001,0.203503728113535,1.25903614457831,0.532639126697576
"L47","L47","CRE-MXT-NCD","CRE-MXT-NCD-7",0.731520462342942,6.5048559580969,1.62751159196291,1.46545671725681,1.36965502617459,0.203267068057042,0.977003318622296,0.562183453911088,0.579519729459838,-1.61794597545618,0.390215673839512,0.843373493975904,0.618374876357686
"L110","L110","WBI-NRT-NCS","WBI-NRT-NCS-7",-2.48189582283127,7.0937909209952,1.93972179289026,1.54229196558638,1.82563327216463,0.643448208172164,0.52729030005333,0.714084108482477,0.783761392606022,-1.58755606816016,0.442976520083503,1.45180722891566,0.798958690046365
"L103","L103","UCP-MXG-NCD","UCP-MXG-NCD-6",-0.545481915431697,6.36386948930598,1.46058732612056,1.68877492514203,1.48880959937276,0.361470411360281,0.556627679397185,0.660691452419047,0.69402209262244,-1.43641666343896,0.324571726244205,1.59036144578313,1.26631956334879
"L82","L82","OTO-MXT-NCD","OTO-MXT-NCD-1",3.10254696203028,6.15206241815801,1.73724884080371,1.12734895212733,1.53642525309087,0.175725496450136,0.459492815357664,0.513198624959495,0.712097563996058,-1.47866218964788,0.113590616938713,1.19277108433735,0.798958690046365
"L96","L96","SFA-ONE-PRO","SFA-ONE-PRO-7",-2.48812770416452,6.79550414666085,1.66924265842349,0.728752361702445,1.47058040140625,0.154974325075859,0.537250107477148,0.23526313453883,0.322648233254802,-1.463984500376,0.270509926410006,1.32530120481928,0.266319563348788
"L84","L84","OTO-MXT-NCD","OTO-MXT-NCD-3",3.75676573887802,6.15206241815801,1.60278207109737,1.22324496530886,1.41217117846734,0.106237504988676,0.21762324421571,0.411112307240701,0.349376408483195,-1.57935716722952,0.219049163091683,1.40361445783133,0.798958690046365
"L75","L75","OTO-MON-NCD","OTO-MON-NCD-2",-4.30284019581015,6.15206241815801,1.55332302936631,1.07513061264753,1.43141039482301,0.217521522696421,0.374770971499552,0.578983831337712,0.787892019411916,-1.55969727946371,0.199093204083974,1.19879518072289,0.844213042232524
"L32","L32","CGF-MXG-PRO","CGF-MXG-PRO-8",4.69494955969255,6.0937909209952,1.70633693972179,1.22148744278723,2.01582354186208,0.681575242381312,1.00339339838159,0.767953435848155,0.557785946761354,-1.30613932140101,-0.144097317546875,1.31325301204819,0.985499489933852
"L16","L16","CCR-ONE-NCD","CCR-ONE-NCD-8",-2.7681082952038,6.421977302488,1.94281298299845,1.46097264131796,1.4747631561086,0.666796713337768,0.578333541389549,1.12503733855521,0.851365795433393,-1.62252197105762,0.498530030744057,1.69879518072289,1.26631956334879
"L53","L53","LCO-MXT-COM","LCO-MXT-COM-5",-12.6659982681254,6.8711807071148,1.23647604327666,0.983181342852553,1.62133213592614,0.0525240499670397,0.170669414442464,0.427284170171943,1.18588674964579,-0.780090953706647,0.100847676375976,1.28313253012048,0.884694439706475
"L67","L67","MHC-ONE-NCD","MHC-ONE-NCD-2",4.06505011367123,6.59013531209079,2.10819165378671,1.07391444553749,2.11957400080072,0.319670098277383,0.73820988103619,0.609233044817939,0.665453140067516,-1.27676366590394,0.204758442608659,1.3855421686747,0.921314318110481
"L86","L86","OTO-MXT-NCD","OTO-MXT-NCD-5",0.856431465898541,6.15206241815801,1.55950540958269,1.16344392823574,1.49565010375556,0.150791118621605,0.334922464413522,0.462393332204177,0.386574135404675,-1.58755606816016,0.226638064637781,1.34939759036145,0.798958690046365
"L58","L58","LWR-BHO-NCS","LWR-BHO-NCS-2",-8.22754381036835,6.41772151898735,1.76506955177743,1.49458998898257,1.73834086462745,0.238262660067277,0.627624713938171,0.751305462852154,0.613776025257616,-1.45268573732274,0.210706634630183,1.44578313253012,0.954745647813834
"L109","L109","WBI-NRT-NCS","WBI-NRT-NCS-6",3.71532927326675,7.0937909209952,2.0015455950541,1.59740631508536,1.56196853589487,0.690577484574649,0.600234886435902,0.820644669961214,0.769488494650763,-1.51008882520875,0.356661936755123,1.40963855421687,0.798958690046365
"L38","L38","CRE-MXG-NCD","CRE-MXG-NCD-6",4.59967253313344,6.5048559580969,1.76816074188563,1.22671056275089,1.64741428811169,0.353306610474114,0.884823216370324,0.696691407089705,0.654678523215184,-1.54112693121336,0.226904561540426,1.12048192771084,0.532639126697576
"L72","L72","MHC-ONE-NCD","MHC-ONE-NCD-7",3.58586395050586,6.59013531209079,1.97217928902627,1.21617852697149,2.22859945156258,0.59828873527482,0.805304406683924,0.615457402260101,0.328236411067023,-1.1907445663546,0.0330121414426412,1.44578313253012,0.921314318110481
"L111","L111","WBI-NRT-NCS","WBI-NRT-NCS-8",-5.43515773962634,7.0937909209952,1.98145285935085,1.55910327327839,1.90068496641245,0.667931320102638,0.565994408347059,0.757998471422004,0.960318923301572,-1.45828781209915,0.471841846207852,1.39156626506024,0.798958690046365
"L70","L70","MHC-ONE-NCD","MHC-ONE-NCD-5",5.8808912163102,6.59013531209079,1.99381761978362,1.02368877873941,2.15797946531725,0.504899456160846,0.724809701308134,0.514217268591773,0.270773939810062,-1.33433503466615,-0.0151371159919054,1.41566265060241,0.921314318110481
"L17","L17","CGF-MON-PRO","CGF-MON-PRO-1",2.86466441926719,6.0937909209952,2.04173106646059,1.10957959885521,1.71466429933701,0.900184142422112,0.702943276280126,0.818816248055189,0.542261654383875,-1.19990032167268,-0.152394896400744,1.36746987951807,0.884694439706475
"L11","L11","CCR-ONE-NCD","CCR-ONE-NCD-3",-0.210550692119964,6.421977302488,2.16692426584235,1.36518468326746,1.51903914587787,0.63546906451652,0.60158373344392,1.10121797378834,0.831941391845462,-1.51008882520875,0.469871741122244,1.43975903614458,1.26631956334879
"L35","L35","CRE-MXG-NCD","CRE-MXG-NCD-3",2.19230155405903,6.5048559580969,1.61205564142195,1.60089828738248,1.58231944745269,0.530415648919983,1.03330667148945,0.760267833490772,0.58489667399511,-1.6045822510072,0.526781915490968,0.789156626506024,0.532639126697576
"L34","L34","CRE-MXG-NCD","CRE-MXG-NCD-2",-0.447697400342206,6.5048559580969,1.75579598145286,1.49923241972703,1.70877496811337,0.469901297377339,1.1023660620684,0.76835572177325,0.386605200649789,-1.62252197105762,0.494055695206211,0.867469879518072,0.532639126697576
"L7","L7","BRF-ONE-COM","BRF-ONE-COM-7",-1.55346527629326,6.38007420340463,1.71715610510046,0.812068273942709,1.39212702431682,0.103782819163072,0.789374292134582,0.54325124759426,0.48411528419441,-1.56742335057519,0.341481999910786,1.69879518072289,0.688426084465051
"L85","L85","OTO-MXT-NCD","OTO-MXT-NCD-4",2.34171288163046,6.15206241815801,1.57341576506955,1.21663098456916,1.27222826741765,0.10298971399109,0.170669414442464,0.404220281900279,0.447354735793393,-1.62716150132102,0.234186010564493,1.34939759036145,0.798958690046365
"L46","L46","CRE-MXT-NCD","CRE-MXT-NCD-6",2.02744839568796,6.5048559580969,1.78052550231839,0.978317113984433,1.65815295176258,0.271601417096395,1.04285879435968,0.72811657327005,0.556070729092382,-1.415875668437,0.241401577196068,1.03012048192771,0.618374876357686
"L61","L61","LWR-BHO-NCS","LWR-BHO-NCS-5",-6.85550797857039,6.41772151898735,1.92117465224111,1.54958043951368,1.92622796290288,0.506901476378283,0.648895005879433,0.733646022848473,0.433052964924824,-1.3483353590942,0.302364383601081,1.52409638554217,0.954745647813834
"L87","L87","OTO-MXT-NCD","OTO-MXT-NCD-6",-1.45029554232085,6.15206241815801,1.54868624420402,1.0727541783961,1.40878446180072,0.216005036939292,0.2588082496925,0.430241325815966,0.446784327342358,-1.57935716722952,0.181201040109711,1.41566265060241,0.798958690046365
"L88","L88","OTO-MXT-NCD","OTO-MXT-NCD-7",4.50724117179423,6.15206241815801,1.62287480680062,1.07752859822066,1.58211239352958,0.193561708755959,0.202666753147165,0.433748067804186,0.40948906223707,-1.53045893190011,0.184463431088566,1.3433734939759,0.798958690046365
"L9","L9","CCR-ONE-NCD","CCR-ONE-NCD-1",1.86867955128273,6.421977302488,2.09582689335394,1.54665750288853,1.44906164713697,0.833935406157189,0.735498677051677,1.1563941586091,0.76211848677155,-1.50034881904647,0.514103704482107,1.62048192771084,1.26631956334879
"L25","L25","CGF-MXG-PRO","CGF-MXG-PRO-1",3.72792854497957,6.0937909209952,1.70788253477589,1.37410224578678,2.0524610369166,0.768124964486079,0.972801920788021,0.812039974522948,0.457867166348576,-1.31528172330855,-0.360554889831286,0.903614457831325,0.985499489933852
"L8","L8","BRF-ONE-COM","BRF-ONE-COM-8",4.35559822088584,6.38007420340463,1.81143740340031,0.69765644646034,1.4620495672398,0.166535822041504,0.727078039871758,0.5268678893703,0.537700441284538,-1.52697696476625,0.290224457557604,1.65060240963855,0.688426084465051
"L28","L28","CGF-MXG-PRO","CGF-MXG-PRO-4",3.93471723188391,6.0937909209952,1.74497681607419,1.32023135253206,1.93227023808879,0.798937999073081,0.998376018600149,0.82705360880801,0.342832040612079,-1.32658562515459,-0.377840423205615,1.24096385542169,0.985499489933852
"L101","L101","UCP-MXG-NCD","UCP-MXG-NCD-4",2.81850633092709,6.36386948930598,1.56105100463678,1.58525557786603,1.54913359015905,0.385357582578923,0.498208094239425,0.744531273066494,0.502905884768339,-1.45268573732274,0.457526370148343,1.18072289156627,1.26631956334879
"L37","L37","CRE-MXG-NCD","CRE-MXG-NCD-5",4.08389770603863,6.5048559580969,1.84853168469861,1.53070762747129,1.78405294552332,0.422431481193715,0.919262592811861,0.720618635079131,0.664371384700392,-1.60897774183961,0.594138778050963,1.00602409638554,0.532639126697576
"L66","L66","MHC-ONE-NCD","MHC-ONE-NCD-1",5.53004729626323,6.59013531209079,1.86707882534776,1.03327700469201,2.02613414005338,0.322049585999635,0.672782417199149,0.464289286864229,0.495892563602425,-1.38952459891317,0.0727985332476886,1.32530120481928,0.921314318110481
"L60","L60","LWR-BHO-NCS","LWR-BHO-NCS-4",2.07065501150288,6.41772151898735,1.84234930448223,1.44743629357947,1.96308595608998,0.219059872008544,0.560319809264026,0.752619161348972,0.899205019225699,-1.37376282362085,0.258449371750345,1.39156626506024,0.954745647813834
"L98","L98","UCP-MXG-NCD","UCP-MXG-NCD-1",2.41041610296282,6.36386948930598,1.48531684698609,1.41504045018881,1.70763086126889,0.208734537760072,0.60181891422542,0.664198194407266,0.706615786826473,-1.45828781209915,0.437119759068016,1.10240963855422,1.26631956334879
"L30","L30","CGF-MXG-PRO","CGF-MXG-PRO-6",4.49655972989282,6.0937909209952,1.65069551777434,1.28065546061773,1.96604571060381,0.707517413018269,0.970759837900126,0.762118483907858,0.494252569254128,-1.35870012232674,-0.388468948148159,1.34939759036145,0.985499489933852
"L29","L29","CGF-MXG-PRO","CGF-MXG-PRO-5",4.25157662020095,6.0937909209952,1.6661514683153,1.06288619367372,1.62916991395117,0.62810807830157,0.928714433710264,0.755727797111368,0.550827293567771,-1.33238111588192,-0.238167346408172,1.12650602409639,0.985499489933852
"L62","L62","LWR-BHO-NCS","LWR-BHO-NCS-6",0.610434130544813,6.41772151898735,1.91499227202473,1.52443698931196,1.95704020426326,0.339557910666702,0.669568940931199,0.744531273066494,0.469510468620495,-1.30613932140101,0.361806192757728,1.43373493975904,0.954745647813834
"L27","L27","CGF-MXG-PRO","CGF-MXG-PRO-3",4.05128548273939,6.0937909209952,1.64605873261206,1.29309598375071,2.00826001254869,0.710301324852992,0.960551846957127,0.795947123315905,0.466120869062795,-1.31900827419145,-0.226844558671546,1.26506024096386,0.985499489933852
"L2","L2","BRF-ONE-COM","BRF-ONE-COM-2",4.24785312498074,6.38007420340463,1.73724884080371,0.714228426838624,1.57866085071707,0.192166683169244,0.690527867082288,0.559154721044453,0.626245507666829,-1.45828781209915,0.185752958832797,1.34939759036145,0.688426084465051
"L64","L64","LWR-BHO-NCS","LWR-BHO-NCS-8",-4.18753571889297,6.41772151898735,1.89799072642968,1.59562580889934,1.84001030692278,0.275399575189262,0.63659148272903,0.702010899302071,0.380760871171047,-1.4234330824518,0.293567902245182,1.25301204819277,0.954745647813834
"L83","L83","OTO-MXT-NCD","OTO-MXT-NCD-2",2.97132260265718,6.15206241815801,1.67851622874807,1.23007203976432,1.56848989214465,0.13367437074177,0.302423491696758,0.426795573746664,0.32543407636174,-1.58755606816016,0.146759216579349,1.10843373493976,0.798958690046365
"L56","L56","LCO-MXT-COM","LCO-MXT-COM-8",-7.8612452943549,6.8711807071148,1.30448222565688,0.97077044559509,1.28882646120095,0.0430037068619188,0.121199501339358,0.274660610073933,0.681398583892272,-1.04158015151672,0.0825087422375835,1.23493975903614,0.884694439706475
"L107","L107","WBI-NRT-NCS","WBI-NRT-NCS-4",4.26322015332344,7.0937909209952,2.04636785162287,1.59617600046969,1.73834086462745,0.710200969555389,0.603488872714008,0.811195087314906,0.871638012365483,-1.48471712508697,0.303510363326457,1.53012048192771,0.798958690046365
"L19","L19","CGF-MON-PRO","CGF-MON-PRO-3",2.90452931730441,6.0937909209952,2.14528593508501,1.24839198825467,1.8867787525791,1.04300370686192,0.738981247958152,0.901833584724613,0.709030665344141,-1.21066866037135,-0.069274787802751,1.28313253012048,0.884694439706475
