"","Site","SiteSamp","MAP.mm","MAT.C","ph","watercontent","P","K","Cu","Mg","Mn","S","Zn","TIN","p.resin","doc","perc.C","perc.sand","perc.clay","basal.area.m2","max.height.m","stand.age.yrs.num","samp.lon","samp.lat"
"1","CGF-MXG-PRO","CGF-MXG-PRO-5",6.0937909209952,11.7477564296688,1.6661514683153,10.110488397169,1.06288619367372,1.62916991395117,0.62810807830157,1.62501100475591,0.928714433710264,2.32547262877134,0.755727797111368,0.550827293567771,0.407630797669316,0.169690894128103,-1.33238111588192,-0.238167346408172,-0.329341789206097,-0.64463205765834,1.12650602409639,0.985499489933852,-15.8448005460681,23.1691441255139
"2","CGF-MXG-PRO","CGF-MXG-PRO-6",6.0937909209952,11.7477564296688,1.65069551777434,10.0813110768537,1.28065546061773,1.96604571060381,0.707517413018269,1.58948725818116,0.970759837900126,2.54022114861545,0.762118483907858,0.494252569254128,0.815912576337057,0.888309443164417,-1.35870012232674,-0.388468948148159,-0.26381239139222,-0.518821818392905,1.34939759036145,0.985499489933852,-15.8448691706317,23.1691945886967
"3","CGF-MXG-PRO","CGF-MXG-PRO-7",6.0937909209952,11.7477564296688,1.65842349304482,10.0977017658687,1.17047269240478,1.87733633887851,0.63408693013458,1.63462989273351,0.953371469780102,2.3613852634416,0.759213970633437,0.883831092964417,0.71474275095299,0.74101151000428,-1.33238111588192,-0.240086482822966,-0.300932689862492,-0.321067109163045,1.09638554216867,0.985499489933852,-15.8449355773351,23.1692654268293
"4","CGF-MXG-PRO","CGF-MXG-PRO-8",6.0937909209952,11.7477564296688,1.70633693972179,10.1009444902918,1.22148744278723,2.01582354186208,0.681575242381312,1.58801647999624,1.00339339838159,2.33336422556768,0.767953435848155,0.557785946761354,0.644356182147574,0.786653304592654,-1.30613932140101,-0.144097317546875,-0.328437400896416,-0.224018079372301,1.31325301204819,0.985499489933852,-15.844999046872,23.1693632480036
"5","CRE-MXT-NCD","CRE-MXT-NCD-4",6.5048559580969,12.1274527780594,1.80834621329212,9.52134268601795,1.48948007015294,1.50496771701327,0.203267068057042,1.23614048697674,1.0069126259289,1.60736807874824,0.663391163759685,0.443663771477009,0.448341631878601,0.126183283940609,-1.63663845399496,0.420878780260317,-0.556449071518142,-0.78796248999005,1.16867469879518,0.618374876357686,-15.3328304729628,23.0522900736597
"6","CRE-MXT-NCD","CRE-MXT-NCD-5",6.5048559580969,12.1274527780594,1.75579598145286,9.95053342860358,0.916893509753674,1.44299625384723,0.282316885252807,1.40520064848373,0.967389580512913,1.80426596652444,0.747382052466327,0.455190351272304,0.0525298635839495,0.518749173278795,-1.43377974169097,0.224335692922337,-0.434335536430832,-1.05564707038295,1.13253012048193,0.618374876357686,-15.3326214108262,23.0526769260256
"7","CRE-MXT-NCD","CRE-MXT-NCD-6",6.5048559580969,12.1274527780594,1.78052550231839,9.9554373003143,0.978317113984433,1.65815295176258,0.271601417096395,1.44792215111918,1.04285879435968,1.96588119534915,0.72811657327005,0.556070729092382,0.0257529486244166,0.310419675640226,-1.415875668437,0.241401577196068,-0.433212156986172,-1.02487247825204,1.03012048192771,0.618374876357686,-15.3325993532647,23.0526381095864
"8","WBI-NRT-NCS","WBI-NRT-NCS-4",7.0937909209952,12.1515959059777,2.04636785162287,9.85600167404772,1.59617600046969,1.73834086462745,0.710200969555389,1.60123612041747,0.603488872714008,1.80426596652444,0.811195087314906,0.871638012365483,0.839821096381671,0.0116834720792919,-1.48471712508697,0.303510363326457,-0.977394834731604,-0.261839705186391,1.53012048192771,0.798958690046365,-15.3437492556204,22.6592631767019
"9","WBI-NRT-NCS","WBI-NRT-NCS-6",7.0937909209952,12.1515959059777,2.0015455950541,9.78752358899998,1.59740631508536,1.56196853589487,0.690577484574649,1.5514918227739,0.600234886435902,1.79866877073146,0.820644669961214,0.769488494650763,0.798533338165745,0,-1.51008882520875,0.356661936755123,-0.977134355094233,-0.488779016038331,1.40963855421687,0.798958690046365,-15.343747239595,22.6592769796256
"10","BRF-ONE-COM","BRF-ONE-COM-1",6.38007420340463,11.8781392549521,1.68624420401855,9.96435212246181,0.94981980970931,1.5064217901309,0.159398732132227,1.4205807045453,0.788064660647567,1.73993947517771,0.60494951482365,0.657539397264755,0.130902827182022,0.298191558867773,-1.52697696476625,0.291921191614349,-0.738684142712119,-0.589835848964258,1.46385542168675,0.688426084465051,-15.4902926802289,23.2041166174941
"11","BRF-ONE-COM","BRF-ONE-COM-7",6.38007420340463,11.8781392549521,1.71715610510046,9.86939991743014,0.812068273942709,1.39212702431682,0.103782819163072,1.31976797864725,0.789374292134582,1.75091452776097,0.54325124759426,0.48411528419441,0.244996672959021,0.427567781624612,-1.56742335057519,0.341481999910786,-0.768552010030669,-0.48051696321503,1.69879518072289,0.688426084465051,-15.4902508532717,23.2042922611185
"12","CCR-ONE-NCD","CCR-ONE-NCD-5",6.421977302488,11.9037411907642,1.88562596599691,9.56438298589609,1.52109983491251,1.39583935165814,0.658929759334175,1.45167416166421,0.716170566988015,1.88789431216647,1.1370537073194,0.724412259899057,0.839862428164185,0.448853844010389,-1.49716384490267,0.535853409427204,-0.641437669068303,-0.39182940425559,1.48795180722892,1.26631956334879,-15.4244148694864,23.2442488426808
"13","CGF-MON-PRO","CGF-MON-PRO-3",6.0937909209952,11.7477564296688,2.14528593508501,10.2428000746568,1.24839198825467,1.8867787525791,1.04300370686192,1.93207142310426,0.738981247958152,2.42902406331249,0.901833584724613,0.709030665344141,0.117084609386099,1,-1.21066866037135,-0.069274787802751,-0.14270799307929,-0.873376317519521,1.28313253012048,0.884694439706475,-15.845072888364,23.171681377782
"14","CGF-MXG-PRO","CGF-MXG-PRO-1",6.0937909209952,11.7477564296688,1.70788253477589,10.1298643793637,1.37410224578678,2.0524610369166,0.768124964486079,1.67101461728933,0.972801920788021,2.44796244852863,0.812039974522948,0.457867166348576,0.113287013280116,0.821882392827527,-1.31528172330855,-0.360554889831286,-0.304254462226836,-1.09053642538887,0.903614457831325,0.985499489933852,-15.8445418725467,23.1687968947624
"15","WBI-NRT-NCS","WBI-NRT-NCS-8",7.0937909209952,12.1515959059777,1.98145285935085,9.7543837657358,1.55910327327839,1.90068496641245,0.667931320102638,1.52640598219459,0.565994408347059,1.88389102720601,0.757998471422004,0.960318923301572,0.759178403013264,0.311062491248863,-1.45828781209915,0.471841846207852,-0.96760306080786,-0.325879590522932,1.39156626506024,0.798958690046365,-15.3436071620187,22.6590928426376
"16","CRE-MXG-NCD","CRE-MXG-NCD-5",6.5048559580969,12.1274527780594,1.84853168469861,9.32996660332232,1.53070762747129,1.78405294552332,0.422431481193715,1.29486978477517,0.919262592811861,1.63220549320305,0.720618635079131,0.664371384700392,0.493085765699086,0.107968355888334,-1.60897774183961,0.594138778050963,-0.931243609729832,-0.867633623879609,1.00602409638554,0.532639126697576,-15.3327929585415,23.0519711433473
"17","CRE-MXT-NCD","CRE-MXT-NCD-3",6.5048559580969,12.1274527780594,1.81916537867079,9.54531666351809,1.54850301714778,1.53510971117749,0.297186143353881,1.25369822420623,1.07949685239017,1.73993947517771,0.671613329072067,0.470820098060687,0.590021909316933,0.240701377559762,-1.65137808443257,0.410912758134031,-0.5202437179882,-0.685393166342623,1.3433734939759,0.618374876357686,-15.3328563769452,23.052293161331
"18","BRF-ONE-COM","BRF-ONE-COM-2",6.38007420340463,11.8781392549521,1.73724884080371,9.95415692406743,0.714228426838624,1.57866085071707,0.192166683169244,1.49738339827856,0.690527867082288,1.90250124952553,0.559154721044453,0.626245507666829,0,0.598620805612127,-1.45828781209915,0.185752958832797,-0.562473862971396,-0.626863643134171,1.34939759036145,0.688426084465051,-15.4902508532717,23.2041458914315
"19","BRF-ONE-COM","BRF-ONE-COM-8",6.38007420340463,11.8781392549521,1.81143740340031,9.91929571670864,0.69765644646034,1.4620495672398,0.166535822041504,1.53486908010259,0.727078039871758,1.77349198251028,0.5268678893703,0.537700441284538,0.333708997564541,0.419614518153179,-1.52697696476625,0.290224457557604,-0.502917171140529,-0.473511663105702,1.65060240963855,0.688426084465051,-15.4902805027604,23.2043215350559
"20","CCR-ONE-NCD","CCR-ONE-NCD-6",6.421977302488,11.9037411907642,2.11901081916538,9.63691891707625,1.32892156069563,1.36595047624182,0.475021881720974,1.38408651525855,0.553813090747385,1.60822159407324,1.0202977041509,0.643166635557139,0.605298844706112,0,-1.68853582575411,0.574556712867442,-0.635655053189392,-0.302396165097186,1.57228915662651,1.26631956334879,-15.4244489997479,23.2445344072722
"21","CGF-MON-PRO","CGF-MON-PRO-4",6.0937909209952,11.7477564296688,2.10664605873261,10.1937584597442,0.886680084476143,1.73710255868258,0.752788177105584,1.8388263937637,0.685545247639737,2.60736807874824,0.699692815218754,0.779578334310701,0.498222435843714,0.859693282719204,-1.13812469572502,-0.0869208888243822,-0.111367256507699,-0.881035640604945,1.03614457831325,0.884694439706475,-15.84504885152,23.1716875918143
"22","CGF-MXG-PRO","CGF-MXG-PRO-2",6.0937909209952,11.7477564296688,1.76352395672334,10.1348586458262,1.19220593162716,1.96110460203002,0.690998181496655,1.68700829848982,0.989547574517593,2.31289517183516,0.798408344408015,0.464059874774881,0.628691951830287,0.819454401831261,-1.22891436351083,-0.308497335715383,-0.294301304012102,-0.231176939311217,1.20481927710843,0.985499489933852,-15.8446075599439,23.1688743409869
"23","CGF-MON-PRO","CGF-MON-PRO-1",6.0937909209952,11.7477564296688,2.04173106646059,10.2720901212186,1.10957959885521,1.71466429933701,0.900184142422112,1.76337764234757,0.702943276280126,2.33336422556768,0.818816248055189,0.542261654383875,0.754331138030594,0.933217250789512,-1.19990032167268,-0.152394896400744,-0.0493934277878228,-0.482460552954666,1.36746987951807,0.884694439706475,-15.845116904476,23.1717564447159
"24","CRE-MXG-NCD","CRE-MXG-NCD-6",6.5048559580969,12.1274527780594,1.76816074188563,9.85001042675711,1.22671056275089,1.64741428811169,0.353306610474114,1.42979462750406,0.884823216370324,1.8886119512217,0.696691407089705,0.654678523215184,0.509294956466794,0.543338466003314,-1.54112693121336,0.226904561540426,-0.773295354233069,-0.895162434612004,1.12048192771084,0.532639126697576,-15.3328994550495,23.0517759089437
"25","CGF-MON-PRO","CGF-MON-PRO-7",6.0937909209952,11.7477564296688,2.0386398763524,10.1368524027494,0.963741392611977,1.63077027421738,0.825995778165436,1.77731710689308,0.814694648209554,2.42429945946777,0.755243381833277,0.382027939027551,0.289127353198435,0.963397671917934,-1.23326524674655,-0.124271210078283,-0.206851432465733,-0.535804182271499,1.28915662650602,0.884694439706475,-15.8449780291074,23.171678457721
"26","BRF-ONE-COM","BRF-ONE-COM-3",6.38007420340463,11.8781392549521,1.79134466769706,10.0235006375398,0.853905651122938,1.69062880684271,0.165301760181003,1.47105176296548,0.738267460837545,1.8156191275891,0.588200644327277,0.652354316711664,0,0.535710367879529,-1.44717514765901,0.231291500689088,-0.641335980861443,-0.569465898170782,1.42168674698795,0.688426084465051,-15.4902640896505,23.2041751653689
"27","CCR-ONE-NCD","CCR-ONE-NCD-1",6.421977302488,11.9037411907642,2.09582689335394,9.61610576709297,1.54665750288853,1.44906164713697,0.833935406157189,1.46540583895401,0.735498677051677,1.73030925275729,1.1563941586091,0.76211848677155,0.93599881492561,0.294465014391926,-1.50034881904647,0.514103704482107,-0.594844722070671,-0.133108548080043,1.62048192771084,1.26631956334879,-15.4243508873611,23.2443098022641
"28","CCR-ONE-NCD","CCR-ONE-NCD-7",6.421977302488,11.9037411907642,1.79907264296754,9.67645575704397,1.63017408478631,1.61614719215005,0.833234549487385,1.43162674835492,0.80061439981543,1.95130566245503,1.23526313453883,1.03342612352535,1,0.519996465271358,-1.44445322412721,0.464481403734994,-0.631163532358903,-0.361484199308462,1.40361445783133,1.26631956334879,-15.4244472689655,23.244225137377
"29","CGF-MON-PRO","CGF-MON-PRO-5",6.0937909209952,11.7477564296688,2.16383307573416,10.1720577161425,1.04978691682187,1.82064422241591,0.857970196153959,1.90595463679888,0.781533372730932,2.4659409180801,0.870684494351985,0.743681428722351,0.614817289956796,0.879130541242863,-1.05890334730735,-0.0931432452331859,-0.135381984884445,-0.60435525317671,1.27710843373494,0.884694439706475,-15.8450284858162,23.1716146437051
"30","CGF-MXG-PRO","CGF-MXG-PRO-3",6.0937909209952,11.7477564296688,1.64605873261206,10.0768495154681,1.29309598375071,2.00826001254869,0.710301324852992,1.62503575812733,0.960551846957127,2.39471246664042,0.795947123315905,0.466120869062795,0.824796996466951,0.687902030895577,-1.31900827419145,-0.226844558671546,-0.329721086651176,-0.767435565901061,1.26506024096386,0.985499489933852,-15.8446713891339,23.1689688581152
"31","CRE-MXG-NCD","CRE-MXG-NCD-1",6.5048559580969,12.1274527780594,1.370942812983,9.41939048128062,1.63375873525624,1.55533786588182,0.4203166546542,0.951459765363094,0.988245608871008,1.88789431216647,0.640767066456705,0.480374489206712,0.674803952902814,0.537256319297825,-1.62252197105762,0.512415777830795,-0.889842779023454,-0.595787861295537,1.06024096385542,0.532639126697576,-15.3324567544746,23.0516981630276
"32","CRE-MXG-NCD","CRE-MXG-NCD-7",6.5048559580969,12.1274527780594,1.82689335394127,9.81814688555367,1.37263263442199,1.65061277425889,0.588506164956019,1.38934813184299,0.826014981173953,1.88990582738693,0.778707928987769,0.350557847612526,0.337579474908203,0.50219536510564,-1.60024378206491,0.321893697042991,-0.842375026064126,-0.854345232745341,1.09036144578313,0.532639126697576,-15.3329693783418,23.0520099942588
"33","SFA-ONE-PRO","SFA-ONE-PRO-8",6.79550414666085,11.7477564296688,1.82071097372488,9.78475355537788,1.20146622270405,1.76111414575313,0.1518154037747,1.10750840625723,0.600814413887694,1.83675794528258,0.505110736677017,0.422968984325342,0.690610503405094,0.338338304347756,-1.54475965134378,0.40432324683171,-0.827466114534123,-1.09187290933879,1.4578313253012,0.266319563348788,-16.0479998060383,23.0543350071099
"34","BRF-ONE-COM","BRF-ONE-COM-4",6.38007420340463,11.8781392549521,1.81761978361669,9.85418357704313,0.890164795025495,1.66555334551666,0.158268873736022,1.48363923914818,0.840107507779104,1.78218389266781,0.568733662043517,0.732294575629245,0.166648605623197,0,-1.55214529260544,0.27891892743184,-0.645449623050529,-0.592200408473403,1.4578313253012,0.688426084465051,-15.4902958569598,23.2042044393063
"35","CCR-ONE-NCD","CCR-ONE-NCD-2",6.421977302488,11.9037411907642,2.20401854714065,9.68608820415865,1.42581376210871,1.54302895399791,0.656151596861008,1.50946821676033,0.662549684566986,1.63712471536654,1.13211931581362,0.90402543953045,0.657824413985165,0.377007005792904,-1.55590002153648,0.611531051851841,-0.593076600904565,-0.273850843565131,1.63253012048193,1.26631956334879,-15.424372342867,23.2443851280861
"36","CCR-ONE-NCD","CCR-ONE-NCD-8",6.421977302488,11.9037411907642,1.94281298299845,9.71914298390155,1.46097264131796,1.4747631561086,0.666796713337768,1.3077248864587,0.578333541389549,1.71076784378093,1.12503733855521,0.851365795433393,0.76192360726921,0.290462596280952,-1.62252197105762,0.498530030744057,-0.559845700748544,-0.254345653357343,1.69879518072289,1.26631956334879,-15.4244786614521,23.2444652899349
"37","CGF-MON-PRO","CGF-MON-PRO-6",6.0937909209952,11.7477564296688,2.23647604327666,10.1857210720095,1.02058079753525,1.93082957617499,0.854236914816825,1.95145976536309,0.856621667936277,2.3613852634416,0.896544275670403,0.807255164706908,0.395840207884524,0.837003555263714,-0.953474572437785,0.102107915492064,-0.163473524700533,-0.696956205487093,1.35542168674699,0.884694439706475,-15.8450058659035,23.1715903039283
"38","CGF-MXG-PRO","CGF-MXG-PRO-4",6.0937909209952,11.7477564296688,1.74497681607419,10.0748437902545,1.32023135253206,1.93227023808879,0.798937999073081,1.66314057606017,0.998376018600149,2.40312369366162,0.82705360880801,0.342832040612079,0.753956396211841,0.628411619277592,-1.32658562515459,-0.377840423205615,-0.283594839759282,-0.597196393237792,1.24096385542169,0.985499489933852,-15.8447375560685,23.1690418989451
"39","CRE-MXG-NCD","CRE-MXG-NCD-2",6.5048559580969,12.1274527780594,1.75579598145286,9.48817373534446,1.49923241972703,1.70877496811337,0.469901297377339,1.17904542021203,1.1023660620684,1.7767882941319,0.76835572177325,0.386605200649789,0.56102055763171,0.276197965775395,-1.62252197105762,0.494055695206211,-0.896528872986549,-0.542591110414481,0.867469879518072,0.532639126697576,-15.3325547748278,23.0516024271309
"40","CRE-MXG-NCD","CRE-MXG-NCD-8",6.5048559580969,12.1274527780594,1.83616692426584,9.83727081930816,1.05000452332377,1.57670248050523,0.299792291298627,1.46752122368355,0.760175331701299,1.7574116163179,0.626197615963461,0.408192298105596,0.20351541609839,0.401586817214113,-1.46112412778001,0.203503728113535,-0.65102300623216,-0.67216086839073,1.25903614457831,0.532639126697576,-15.3330636837779,23.051957866428
"41","UCP-MXG-NCD","UCP-MXG-NCD-2",6.36386948930598,11.9544855994979,1.58578052550232,9.64356782840799,1.3735019890859,1.45258556294769,0.182944809123406,1.16683623966611,0.484284209860825,2.00961766489715,0.585099548090556,0.49428736416729,0.320138952702626,0.344218535298301,-1.51008882520875,0.517854367696617,-0.744681433135668,-0.650503811336702,1.24096385542169,1.26631956334879,-15.2606903753846,23.3945619356066
"42","CCR-ONE-NCD","CCR-ONE-NCD-3",6.421977302488,11.9037411907642,2.16692426584235,9.73775153087332,1.36518468326746,1.51903914587787,0.63546906451652,1.55333659426186,0.60158373344392,1.66236932475524,1.10121797378834,0.831941391845462,0.618682375834457,0.261850503885915,-1.51008882520875,0.469871741122244,-0.584494897411808,-0.511162495307486,1.43975903614458,1.26631956334879,-15.424400429949,23.2445704532206
"43","UCP-MXG-NCD","UCP-MXG-NCD-4",6.36386948930598,11.9544855994979,1.56105100463678,9.5864632575568,1.58525557786603,1.54913359015905,0.385357582578923,1.13927172658774,0.498208094239425,1.97745181632693,0.744531273066494,0.502905884768339,0.706714154166972,0.196859178752383,-1.45268573732274,0.457526370148343,-0.745897324288043,-0.628905805838253,1.18072289156627,1.26631956334879,-15.2607251842454,23.3946170236484
"44","UCP-MXG-NCD","UCP-MXG-NCD-6",6.36386948930598,11.9544855994979,1.46058732612056,9.7523777870158,1.68877492514203,1.48880959937276,0.361470411360281,1.08016905148502,0.556627679397185,2.37894838249826,0.660691452419047,0.69402209262244,0.607638551155199,0.689779388458121,-1.43641666343896,0.324571726244205,-0.81930318356254,-0.0959238748645763,1.59036144578313,1.26631956334879,-15.2607472070109,23.3946933202487
"45","WBI-NRT-NCS","WBI-NRT-NCS-7",7.0937909209952,12.1515959059777,1.93972179289026,9.72575273689601,1.54229196558638,1.82563327216463,0.643448208172164,1.43696113505192,0.52729030005333,1.79312327933747,0.714084108482477,0.783761392606022,0.830774734172661,0.3582744776003,-1.58755606816016,0.442976520083503,-0.978992571194109,-0.259004187588932,1.45180722891566,0.798958690046365,-15.3436107428769,22.6590914014769
"46","CRE-MXG-NCD","CRE-MXG-NCD-3",6.5048559580969,12.1274527780594,1.61205564142195,9.46704010014575,1.60089828738248,1.58231944745269,0.530415648919983,1.11465192355275,1.03330667148945,1.9135258688449,0.760267833490772,0.58489667399511,0.651901572712916,0.443687309193156,-1.6045822510072,0.526781915490968,-1.04939342778782,-0.563014161917931,0.789156626506024,0.532639126697576,-15.332626905952,23.0518105955077
"47","CRE-MXT-NCD","CRE-MXT-NCD-1",6.5048559580969,12.1274527780594,1.87017001545595,9.74775083949074,1.44113610755324,1.69547483720235,0.306716763030127,1.27644157652801,1.11089365304489,1.76776688442473,0.696485026081419,0.598013725333363,0.46663086746868,0.438817685647006,-1.61794597545618,0.337258754948344,-0.516947817985019,-0.679521412664268,1.42168674698795,0.618374876357686,-15.3331309433357,23.0526234412708
"48","CRE-MXT-NCD","CRE-MXT-NCD-7",6.5048559580969,12.1274527780594,1.62751159196291,9.54533393126226,1.46545671725681,1.36965502617459,0.203267068057042,1.04845243886894,0.977003318622296,1.76088809815486,0.562183453911088,0.579519729459838,0.415965431210972,0.535352064177724,-1.61794597545618,0.390215673839512,-0.527835509756615,-0.768599407658461,0.843373493975904,0.618374876357686,-15.3324013893303,23.0518660570873
"49","BRF-ONE-COM","BRF-ONE-COM-6",6.38007420340463,11.8781392549521,1.72179289026275,9.94468356570334,0.688774925142026,1.52764450969255,0.188101407149158,1.53999817850993,0.75812787589768,2.12480479747824,0.507128652405886,0.5796499944589,0.0306384329942642,0.677331667643872,-1.63186636883301,0.114611314414461,-0.330022259655595,-0.768599407658461,1.48795180722892,0.688426084465051,-15.4902884445877,23.2042629871811
"50","CCR-ONE-NCD","CCR-ONE-NCD-4",6.421977302488,11.9037411907642,2.1097372488408,9.70530853327792,1.49245669345602,1.4853718745039,0.805466873939934,1.50797543349847,0.683075866609251,1.64208625477266,1.21603840667843,0.667241154703239,0.746342453262341,0,-1.53753312179902,0.566897672717566,-0.735251265148177,-0.196847434621318,1.4578313253012,1.26631956334879,-15.4244068674963,23.244396673084
"51","CGF-MON-PRO","CGF-MON-PRO-2",6.0937909209952,11.7477564296688,2.15146831530139,10.1581008978228,1.1032922656704,1.78787227554481,0.876505427977524,1.87853356293456,0.801474979386928,2.37398298739275,0.854645010350665,0.834980936678094,0.541480075338623,0.910816876843505,-1.0092565720302,-0.000689345596492311,-0.259473426577927,-0.904150909650429,1.12650602409639,0.884694439706475,-15.8450992438229,23.1716251666079
"52","CGF-MON-PRO","CGF-MON-PRO-8",6.0937909209952,11.7477564296688,2.10510046367852,10.0197838585015,1.06030025295369,1.82120793782537,0.875083357744227,1.81882313341578,0.921473749856205,2.24117223403256,0.834283437065711,0.735200834635073,0.433430209864763,0.789496971575922,-1.19857748343247,0.0543604891593539,-0.409055463190986,-0.619509377339632,1.41566265060241,0.884694439706475,-15.8449601752363,23.1715513460415
"53","CRE-MXG-NCD","CRE-MXG-NCD-4",6.5048559580969,12.1274527780594,1.63987635239567,9.50037341631774,1.54546522396659,1.4853718745039,0.398254209651587,1.10269222451846,0.98012112281972,1.82646058453579,0.719629201165959,0.351226639006953,0.495318802470462,0.427497105622156,-1.59596086333105,0.549262742943022,-1.04430188828747,-0.878654922151947,0.698795180722892,0.532639126697576,-15.3327131000056,23.051853684255
"54","CRE-MXT-NCD","CRE-MXT-NCD-2",6.5048559580969,12.1274527780594,1.78361669242658,9.68119997172295,1.39371042390848,1.63516357263203,0.239883487732729,1.25453826082376,1.02541848331969,1.71076784378093,0.595262070513142,0.530862863176285,0.424225852501254,0.346879638314341,-1.66679886240746,0.30834211289416,-0.508714598985724,-0.921711349045774,1.32530120481928,0.618374876357686,-15.3331052411717,23.052618478942
"55","CRE-MXT-NCD","CRE-MXT-NCD-8",6.5048559580969,12.1274527780594,1.6661514683153,9.55792416834419,1.4564701790239,1.40201896434478,0.184206900620913,1.15668097882514,0.990054436972758,1.82680101821169,0.559067074172844,0.616430007996057,0.379222372525856,0.384164182844567,-1.66157900761823,0.379567839567279,-0.506781751551434,-0.843765567146019,1.13253012048193,0.618374876357686,-15.3323782633185,23.0518371653058
"56","LCO-MXT-COM","LCO-MXT-COM-1",6.8711807071148,12.1274527780594,1.32921174652241,10.0236151949393,1.07354395200672,1.42283739278031,0.0460805642926834,1.01495698042718,0.154606026824338,2.27276136857831,0.369371811682024,0.874092163698529,0.245276496685133,0.723329959374409,-1.0258641402275,0.0576450254865492,-0.683109922738476,-0.867633623879609,1.26506024096386,0.884694439706475,-15.2190807380264,22.9825770413661
"57","LCO-MXT-COM","LCO-MXT-COM-7",6.8711807071148,12.1274527780594,1.33539412673879,10.0064434266879,0.885663900921644,1.36105422854004,0.0447095592385199,1.07526666512947,0.110893653044886,2.15780727288029,0.282748498356412,0.643027047664637,0.150061634281465,0.821326918165047,-1.05187305644284,-0.0714947664144849,-0.350170615782927,-0.891402915901188,1.30722891566265,0.884694439706475,-15.2192395990372,22.9822018899332
"58","LWR-BHO-NCS","LWR-BHO-NCS-5",6.41772151898735,11.8781392549521,1.92117465224111,9.95819056682591,1.54958043951368,1.92622796290288,0.506901476378283,1.53506283131744,0.648895005879433,1.90211574112954,0.733646022848473,0.433052964924824,0.720006016596349,0.512841334723122,-1.3483353590942,0.302364383601081,-0.542618766308601,-0.475024153827204,1.52409638554217,0.954745647813834,-15.4617970715953,23.2902238736235
"59","UCP-MXG-NCD","UCP-MXG-NCD-3",6.36386948930598,11.9544855994979,1.53013910355487,9.52922767935428,1.42494028823231,1.62616514058953,0.20064109355831,1.10019777407546,0.499823326366399,1.948966639886,0.615985034396282,0.66141738720722,0.508525423232749,0.292362361110553,-1.38267973640404,0.483685835674366,-0.932900793329404,-0.819996275124446,1.17469879518072,1.26631956334879,-15.260694125528,23.3946121282733
"60","MHC-ONE-NCD","MHC-ONE-NCD-6",6.59013531209079,11.1515959059777,2.06027820710974,10.1112517774896,1.15446392156958,2.21988938141481,0.526292406239646,1.66544165612157,0.811380382148091,2.09458638973292,0.603694226041303,0.415186433621991,0.750448056768682,0.458766108249804,-1.25744480867269,-0.0244673960804771,-0.292731199660561,-0.452395003436702,1.48192771084337,0.921314318110481,-16.2190557719952,23.0826493254615
"61","OTO-MON-NCD","OTO-MON-NCD-4",6.15206241815801,11.7211914054367,1.7403400309119,9.88677205830855,1.08716857543497,1.4620495672398,0.219059872008544,1.39140198294074,0.449645336309669,1.90831313961512,0.630536820311007,0.735580497324239,0.395023392759637,0.134130665014804,-1.57935716722952,0.184782280480032,-0.391862392371246,-0.583441531026665,1.18072289156627,0.844213042232524,-15.4440257933909,23.6589894732361
"62","OTO-MXT-NCD","OTO-MXT-NCD-2",6.15206241815801,11.7211914054367,1.67851622874807,9.74224370025122,1.23007203976432,1.56848989214465,0.13367437074177,1.3869986645125,0.302423491696758,1.88538918809027,0.426795573746664,0.32543407636174,0.359317598814846,0.269265354117535,-1.58755606816016,0.146759216579349,-0.389432847261071,-0.873376317519521,1.10843373493976,0.798958690046365,-15.4447072313678,23.6588337449723
"63","OTO-MXT-NCD","OTO-MXT-NCD-8",6.15206241815801,11.7211914054367,1.61051004636785,9.67621863679651,1.09648237373857,1.43483274822565,0.219059872008544,1.47876066248611,0.274179282870789,2.0552534958413,0.412873436614815,0.574229484712675,0.0774501496213881,0.265397860735989,-1.57135423579776,0.22511593472986,-0.397281554993816,-0.562307038231866,1.63253012048193,0.798958690046365,-15.4447031016176,23.6585291789276
"64","LCO-MXT-COM","LCO-MXT-COM-2",6.8711807071148,12.1274527780594,1.31839258114374,10.1143917385465,1.04181538974414,1.38621769154751,0.0878879891913369,1.01495698042718,0.128171061016245,2.40554684588663,0.333249216493652,0.840960443317211,0.207160348772113,0.885522630513,-1.03570972450672,0.240179737799594,-0.768420335728118,-0.635129845307612,1.31927710843373,0.884694439706475,-15.2191041209726,22.9825042115742
"65","LCO-MXT-COM","LCO-MXT-COM-8",6.8711807071148,12.1274527780594,1.30448222565688,9.94889187720278,0.97077044559509,1.28882646120095,0.0430037068619188,0.993190365184242,0.121199501339358,2.09643041099326,0.274660610073933,0.681398583892272,0.21633062793894,0.665815807502226,-1.04158015151672,0.0825087422375835,-0.548479814798947,-0.873376317519521,1.23493975903614,0.884694439706475,-15.2192636433904,22.98213125432
"66","LWR-BHO-NCS","LWR-BHO-NCS-6",6.41772151898735,11.8781392549521,1.91499227202473,10.0196455172632,1.52443698931196,1.95704020426326,0.339557910666702,1.59234392580264,0.669568940931199,1.95353595477552,0.744531273066494,0.469510468620495,0.71821479443652,0.516791362872014,-1.30613932140101,0.361806192757728,-0.586095706435402,-0.842730785427068,1.43373493975904,0.954745647813834,-15.4618098747931,23.2902833196113
"67","MHC-ONE-NCD","MHC-ONE-NCD-1",6.59013531209079,11.1515959059777,1.86707882534776,10.0309370201335,1.03327700469201,2.02613414005338,0.322049585999635,1.62676056299823,0.672782417199149,2.19042294551242,0.464289286864229,0.495892563602425,0.12275169039189,0.673084726638382,-1.38952459891317,0.0727985332476886,-0.299064348068212,-1.03980694536754,1.32530120481928,0.921314318110481,-16.2190807380263,23.0824893318383
"68","MHC-ONE-NCD","MHC-ONE-NCD-7",6.59013531209079,11.1515959059777,1.97217928902627,10.0924773647602,1.21617852697149,2.22859945156258,0.59828873527482,1.66552647825525,0.805304406683924,2.20451860431857,0.615457402260101,0.328236411067023,0.292773758478266,0.536905912010364,-1.1907445663546,0.0330121414426412,-0.308872978078945,-0.650503811336702,1.44578313253012,0.921314318110481,-16.2190498048658,23.0826401309285
"69","OTO-MON-NCD","OTO-MON-NCD-5",6.15206241815801,11.7211914054367,1.69706336939722,9.86789722218199,1.05064023767216,1.36810066549941,0.299042856002723,1.30912868240438,0.484752258292666,1.87978992901996,0.621883665596471,0.654654964436339,0.272193144505872,0.0227609462479778,-1.56742335057519,0.235548466160222,-0.420396768462139,-0.48051696321503,1.41566265060241,0.844213042232524,-15.4440227705054,23.6589764862669
"70","OTO-MXT-NCD","OTO-MXT-NCD-3",6.15206241815801,11.7211914054367,1.60278207109737,9.73119618893256,1.22324496530886,1.41217117846734,0.106237504988676,1.17245982098914,0.21762324421571,1.94220592220593,0.411112307240701,0.349376408483195,0.218755301385416,0,-1.57935716722952,0.219049163091683,-0.422025095643932,-0.504286255236606,1.40361445783133,0.798958690046365,-15.4447071254768,23.6587829839648
"71","UCP-MXG-NCD","UCP-MXG-NCD-8",6.36386948930598,11.9544855994979,1.60432766615147,9.66912504844892,1.45197208400828,1.47837987549898,0.227514786793553,1.05966447772553,0.446590268629798,1.96492928587191,0.598344711554466,0.631958263107985,0.618675518043674,0.551319045769454,-1.57135423579776,0.45315613156949,-0.925594439399293,-0.410500348321448,1.24096385542169,1.26631956334879,-15.2607682826581,23.3947711878533
"72","LCO-MXT-COM","LCO-MXT-COM-3",6.8711807071148,12.1274527780594,1.3693972179289,10.1609831142036,0.917899043221523,1.3658405450186,0.0501847191730278,0.968494787238673,0.121988474679325,2.23928916192957,0.249862568498732,0.673230209130503,0.131978977085318,0.680308317507604,-1.03989305998527,0.037730686677307,-0.5879443152732,-1.08008374984917,0.933734939759036,0.884694439706475,-15.2191316575581,22.9824452427538
"73","LWR-BHO-NCS","LWR-BHO-NCS-1",6.41772151898735,11.8781392549521,1.887171561051,9.84428813592855,1.5091255019719,1.64138777236273,0.160545009401786,1.45524667859792,0.625208432268148,1.83779738945939,0.66755633836104,0.440620087480929,0.334016237884161,0.131006982211887,-1.52353073289337,0.202022453963345,-0.623003860180166,-0.522737357436299,1.37951807228916,0.954745647813834,-15.4617494531443,23.2899753580617
"74","LWR-BHO-NCS","LWR-BHO-NCS-7",6.41772151898735,11.8781392549521,1.91190108191654,9.95849171535072,1.3531175858373,1.85240003240487,0.267228868897028,1.62426072310447,0.527994881640232,1.94686905670933,0.595522933947852,0.417422892221906,0.725597277789682,0.428313568656729,-1.35870012232674,0.34371518786723,-0.608503147276521,-0.36744526491472,1.6144578313253,0.954745647813834,-15.4618280563835,23.290326707349
"75","MHC-ONE-NCD","MHC-ONE-NCD-2",6.59013531209079,11.1515959059777,2.10819165378671,10.0112752545371,1.07391444553749,2.11957400080072,0.319670098277383,1.74121169684466,0.73820988103619,2.21463874987999,0.609233044817939,0.665453140067516,0.799155352233184,0.654793535278709,-1.27676366590394,0.204758442608659,-0.400409760832041,-0.586328654795044,1.3855421686747,0.921314318110481,-16.2190753866375,23.0824971064231
"76","MHC-ONE-NCD","MHC-ONE-NCD-8",6.59013531209079,11.1515959059777,1.98299845440495,9.98275090580102,1.27329046310322,2.27222826741765,0.635838815139466,1.71166717838267,0.833990774897301,2.21463874987999,0.643776940418118,0.673118944826966,0.813616548252439,0.564587286449835,-1.22037355611749,0.0119026161917324,-0.340192083790659,-0.529189093689149,1.56626506024096,0.921314318110481,-16.2190472020961,23.08265179092
"77","OTO-MON-NCD","OTO-MON-NCD-6",6.15206241815801,11.7211914054367,1.75579598145286,9.77647021428297,1.09154353932656,1.32633810638414,0.320459181053117,1.27756327212404,0.425097387966247,1.88538918809027,0.600248473972004,0.610437875967043,0.274508650800241,0,-1.59596086333105,0.282529219374805,-0.403367958419567,-0.598815497055753,1.22289156626506,0.844213042232524,-15.4440208683764,23.6589615093589
"78","OTO-MXT-NCD","OTO-MXT-NCD-4",6.15206241815801,11.7211914054367,1.57341576506955,9.67446725385851,1.21663098456916,1.27222826741765,0.10298971399109,1.15529219999642,0.170669414442464,1.83779738945939,0.404220281900279,0.447354735793393,0.224480384225019,0.160860484485327,-1.62716150132102,0.234186010564493,-0.465853768716392,-0.845847506787131,1.34939759036145,0.798958690046365,-15.4447020603558,23.6587322229574
"79","SFA-ONE-PRO","SFA-ONE-PRO-2",6.79550414666085,11.7477564296688,2.05873261205564,9.84703758968444,1.13503455359718,1.7355928403002,0.227097088729872,1.54697706543307,0.643073403378089,2.01576066136,0.624337266613962,0.519920166506082,0.6466197301919,0.334356699257501,-1.31528172330855,0.284531093112869,-0.718504355519756,-0.925937026742906,1.50602409638554,0.266319563348788,-16.0479846431884,23.0536867772434
"80","LCO-MXT-COM","LCO-MXT-COM-4",6.8711807071148,12.1274527780594,1.34003091190108,10.289833359596,0.977044508079576,1.53379871290469,0.0571900420788695,1.05638256130814,0.152061919937964,2.45598649230202,0.334317282422792,0.719389287200048,0.161619580965786,0.912885260086711,-0.885761483402486,0.0403377900180075,-0.504975008384016,-0.704756248674212,1.09036144578313,0.884694439706475,-15.2191594457246,22.9823870270204
"81","LWR-BHO-NCS","LWR-BHO-NCS-2",6.41772151898735,11.8781392549521,1.76506955177743,9.92321177549175,1.49458998898257,1.73834086462745,0.238262660067277,1.36654946611975,0.627624713938171,1.93069987584995,0.751305462852154,0.613776025257616,0.306187322719469,0.31164282771922,-1.45268573732274,0.210706634630183,-0.614402592571398,-0.435887490976644,1.44578313253012,0.954745647813834,-15.4617729606551,23.2900028442153
"82","LWR-BHO-NCS","LWR-BHO-NCS-8",6.41772151898735,11.8781392549521,1.89799072642968,9.84220783770167,1.59562580889934,1.84001030692278,0.275399575189262,1.50497150596193,0.63659148272903,1.93822647470487,0.702010899302071,0.380760871171047,0.649262717528757,0.355639902673242,-1.4234330824518,0.293567902245182,-0.555945978869975,-0.71029600479517,1.25301204819277,0.954745647813834,-15.4618455558363,23.2903721317428
"83","MHC-ONE-NCD","MHC-ONE-NCD-3",6.59013531209079,11.1515959059777,1.85780525502318,10.0607078427273,1.03092930481531,2.09571787115017,0.472203330004491,1.64879743560472,0.76514340142962,2.21893055082646,0.610051747429361,0.453652329270198,0.452443597824288,0.585897358900934,-1.23472780799926,0.0162913432907588,-0.317002098613737,-0.895162434612004,1.50602409638554,0.921314318110481,-16.2190741906968,23.0825306395066
"84","OTO-MON-NCD","OTO-MON-NCD-1",6.15206241815801,11.7211914054367,1.67697063369397,9.81872809501047,1.10674271752619,1.54795198083829,0.361135123081371,1.32288094255502,0.436313492551082,1.94438738573959,0.591653720363282,0.577403381615785,0.30200349017452,0.435619977286967,-1.55590002153648,0.197402311738573,-0.407919233205419,-0.516589261011372,1.33734939759036,0.844213042232524,-15.4440322259019,23.6590557172523
"85","OTO-MON-NCD","OTO-MON-NCD-7",6.15206241815801,11.7211914054367,1.76506955177743,9.86906627570444,1.20748998015424,1.3657187673425,0.329221786635672,1.12453329029276,0.416984282427818,1.81600127820958,0.636097980557467,0.466500789042126,0.399969065450335,0.156400252078254,-1.61794597545618,0.296024457685328,-0.480520181462484,-0.650503811336702,1.26506024096386,0.844213042232524,-15.4440088873315,23.6589417147043
"86","OTO-MXT-NCD","OTO-MXT-NCD-5",6.15206241815801,11.7211914054367,1.55950540958269,9.54574993329807,1.16344392823574,1.49565010375556,0.150791118621605,1.21887440000545,0.334922464413522,1.8710012293219,0.462393332204177,0.386574135404675,0.174489557317426,0.200920165089392,-1.58755606816016,0.226638064637781,-0.43498428307157,-0.829638773138961,1.34939759036145,0.798958690046365,-15.444704478201,23.65868146195
"87","SFA-ONE-PRO","SFA-ONE-PRO-3",6.79550414666085,11.7477564296688,1.82998454404946,9.73403710410065,1.31557078406622,1.48956356695331,0.122695789794326,1.22393121556492,0.59970093258529,1.82137698188596,0.459273177167959,0.342036092128897,0.612281317990042,0.352943764969278,-1.57135423579776,0.394191849868548,-1.03856206503094,-0.787544103923834,1.5421686746988,0.266319563348788,-16.0479441962199,23.0537948155544
"88","LCO-MXT-COM","LCO-MXT-COM-5",6.8711807071148,12.1274527780594,1.23647604327666,10.2392844587546,0.983181342852553,1.62133213592614,0.0525240499670397,1.13710568468607,0.170669414442464,2.5231947639884,0.427284170171943,1.18588674964579,0.329306337535768,0.670183604283294,-0.780090953706647,0.100847676375976,-0.581767842360669,-1.03762047200128,1.28313253012048,0.884694439706475,-15.2191873317327,22.9823292173888
"89","LWR-BHO-NCS","LWR-BHO-NCS-3",6.41772151898735,11.8781392549521,1.85625965996909,9.91269385210383,1.5364639488293,1.69738862397429,0.210148507629783,1.4062003947023,0.604982167311078,1.83227420711318,0.659955510872258,0.346253031667455,0.331503722508484,0.81744906075637,-1.77093996344806,0.300544396812591,-0.763509552159991,-0.227230005609628,1.30722891566265,0.954745647813834,-15.4617664278758,23.2901231722944
"90","WBI-NRT-NCS","WBI-NRT-NCS-5",7.0937909209952,12.1515959059777,2.02936630602782,9.79915041743523,1.59398912584941,1.69341726110533,0.693641407662758,1.55039412134851,0.593367894971766,1.80426596652444,0.808302689229897,0.827447173477721,0.821523156043528,0.349376046864096,-1.49400874169687,0.403855295117377,-0.977731556070277,-0.258727844842365,1.32530120481928,0.798958690046365,-15.3437506823867,22.6592785559235
"91","MHC-ONE-NCD","MHC-ONE-NCD-4",6.59013531209079,11.1515959059777,2.12673879443586,9.98341527301915,0.902269907778054,2.02533084087582,0.380981239674138,1.69889997819679,0.769597510138193,2.03605850028873,0.616417781019088,0.633432699223135,0.416617711812303,0.647253918934381,-1.38042845664587,-0.0359976681293653,-0.280353015130567,-0.46902602430961,1.32530120481928,0.921314318110481,-16.2190660162682,23.0825209148311
"92","OTO-MON-NCD","OTO-MON-NCD-2",6.15206241815801,11.7211914054367,1.55332302936631,9.80905293018014,1.07513061264753,1.43141039482301,0.217521522696421,1.33176280473472,0.374770971499552,1.97977831939931,0.578983831337712,0.787892019411916,0.253030813160348,0.0547520082318904,-1.55969727946371,0.199093204083974,-0.416229781801072,-0.565504275112113,1.19879518072289,0.844213042232524,-15.4440328888846,23.659034979995
"93","OTO-MON-NCD","OTO-MON-NCD-8",6.15206241815801,11.7211914054367,1.69088098918083,9.93221732047613,1.24961543833987,1.37278339205646,0.490732762753175,1.14909460505802,0.46195980223349,1.89204290125008,0.681302010697994,0.617917171296492,0.45681169187461,0.207511319519149,-1.60897774183961,0.24732163098477,-0.463277715674779,-0.504710759054635,1.30120481927711,0.844213042232524,-15.4440126994822,23.6589135937266
"94","OTO-MXT-NCD","OTO-MXT-NCD-6",6.15206241815801,11.7211914054367,1.54868624420402,9.67710550963231,1.0727541783961,1.40878446180072,0.216005036939292,1.24954908598366,0.2588082496925,1.97397831108984,0.430241325815966,0.446784327342358,0.121179789759178,0.214343535379618,-1.57935716722952,0.181201040109711,-0.384770481770027,-0.568922126814215,1.41566265060241,0.798958690046365,-15.4447033310481,23.6586307009425
"95","SFA-ONE-PRO","SFA-ONE-PRO-4",6.79550414666085,11.7477564296688,1.83462132921175,9.69065292071957,1.04944636100821,1.74092549656704,0.192166683169244,1.29889236400988,0.622281403619323,1.90250124952553,0.468109533618447,0.277962451902839,0.272002011192924,0.371917023724342,-1.50356424142349,0.275149852815218,-1.04186545436271,-1.09592387486458,1.34939759036145,0.266319563348788,-16.0479811555952,23.0539028538655
"96","LCO-MXT-COM","LCO-MXT-COM-6",6.8711807071148,12.1274527780594,1.25656877897991,10.3299666033223,0.917586905743683,1.60455340276837,0.0571900420788695,1.07043687529885,0.152061919937964,2.58480082230122,0.277320056045049,1.19594176591687,0.208494444157819,0.843931991271276,-0.770939963448061,-0.0297835353335638,-0.399215252284404,-0.856513560895261,1.19879518072289,0.884694439706475,-15.2192125990649,22.9822626389363
"97","LWR-BHO-NCS","LWR-BHO-NCS-4",6.41772151898735,11.8781392549521,1.84234930448223,9.93935211875542,1.44743629357947,1.96308595608998,0.219059872008544,1.48120947045927,0.560319809264026,1.94804035826383,0.752619161348972,0.899205019225699,0.362236735045129,0.415070026242761,-1.37376282362085,0.258449371750345,-0.734728672110066,-0.490248773157443,1.39156626506024,0.954745647813834,-15.4618028960008,23.2901088112578
"98","UCP-MXG-NCD","UCP-MXG-NCD-7",6.36386948930598,11.9544855994979,1.62132921174652,9.69660006617834,1.56172749286926,1.75363619494149,0.275207068395591,1.19906750263481,0.616482543106454,2.16339626900751,0.69639737920981,0.753705749896709,0.626712431502074,0.75621084576657,-1.43907432756424,0.473273019724443,-0.928104171354021,-0.252937121415088,1.48795180722892,1.26631956334879,-15.26075490348,23.394736967064
"99","MHC-ONE-NCD","MHC-ONE-NCD-5",6.59013531209079,11.1515959059777,1.99381761978362,10.0082917035792,1.02368877873941,2.15797946531725,0.504899456160846,1.58358270727293,0.724809701308134,2.08074476942352,0.514217268591773,0.270773939810062,0.409137530797927,0.526539620054439,-1.33433503466615,-0.0151371159919054,-0.255007552285561,-0.737824815527559,1.41566265060241,0.921314318110481,-16.2190590909405,23.0826421047994
"100","OTO-MON-NCD","OTO-MON-NCD-3",6.15206241815801,11.7211914054367,1.65996908809892,9.77533399922945,1.03519060630176,1.40560405786194,0.287903387691005,1.30162696617786,0.355892002251724,1.98563294367704,0.550203741651779,0.699377113303928,0.273530945018289,0.173566664688621,-1.66157900761823,0.19410897133127,-0.380259757746722,-0.405221743689025,1.3855421686747,0.844213042232524,-15.4440258802101,23.6590269678729
"101","OTO-MXT-NCD","OTO-MXT-NCD-1",6.15206241815801,11.7211914054367,1.73724884080371,9.86981833932747,1.12734895212733,1.53642525309087,0.175725496450136,1.62624980017002,0.459492815357664,2.02823061482872,0.513198624959495,0.712097563996058,0.288883287703188,0.19044284454253,-1.47866218964788,0.113590616938713,-0.384452421648936,-0.7505728092768,1.19277108433735,0.798958690046365,-15.4447043723099,23.6588845059798
"102","OTO-MXT-NCD","OTO-MXT-NCD-7",6.15206241815801,11.7211914054367,1.62287480680062,9.72794088828143,1.07752859822066,1.58211239352958,0.193561708755959,1.46876891391105,0.202666753147165,2.02130864283107,0.433748067804186,0.40948906223707,0.223508272897555,0.5563654269607,-1.53045893190011,0.184463431088566,-0.337320758379411,-0.683702014532332,1.3433734939759,0.798958690046365,-15.4447025368654,23.658579939935
"103","UCP-MXG-NCD","UCP-MXG-NCD-1",6.36386948930598,11.9544855994979,1.48531684698609,9.5864632575568,1.41504045018881,1.70763086126889,0.208734537760072,1.08399685462169,0.60181891422542,1.98131367516109,0.664198194407266,0.706615786826473,0.558070161305555,0.454619949740397,-1.45828781209915,0.437119759068016,-0.928110699237327,-0.748764621835201,1.10240963855422,1.26631956334879,-15.2606692929787,23.3945404923192
"104","SFA-ONE-PRO","SFA-ONE-PRO-6",6.79550414666085,11.7477564296688,1.98454404945904,9.7273182011062,1.29021366988912,1.86593822699326,0.129801407767193,1.15413061690288,0.587313289114269,1.72916409514064,0.513198624959495,0.510542696073005,0.0602077062145873,0.0554882525887425,-1.55214529260544,0.453741591567853,-1.03637378634143,-1.03980694536754,1.56626506024096,0.266319563348788,-16.0480033995225,23.0541189304878
"105","SFA-ONE-PRO","SFA-ONE-PRO-7",6.79550414666085,11.7477564296688,1.66924265842349,9.6896881774447,0.728752361702445,1.47058040140625,0.154974325075859,1.05966447772553,0.537250107477148,2.26891555967359,0.23526313453883,0.322648233254802,0.00609596336491378,0.495315876783212,-1.463984500376,0.270509926410006,-0.5304980359353,-0.94970631876448,1.32530120481928,0.266319563348788,-16.0480402530067,23.0542269687988
"106","WBI-NRT-NCS","WBI-NRT-NCS-2",7.0937909209952,12.1515959059777,2.0386398763524,9.82375775175096,1.50006024661668,1.80012922372756,0.706228552851246,1.54775883006557,0.594854729790458,1.82719032037816,0.783801910651259,0.960130547132129,0.726381463915475,0.659788615683112,-1.58343151844335,0.429071115907615,-0.861985617724698,-0.33951479070196,1.59638554216867,0.798958690046365,-15.3437992574502,22.6590575320583
"107","UCP-MXG-NCD","UCP-MXG-NCD-5",6.36386948930598,11.9544855994979,1.42040185471406,9.80491335685054,1.68617647368443,1.60718900790136,0.417704795458198,1.13797390381515,0.718054351313912,2.39229057232704,0.757318015973384,0.78918925207136,0.664435577698494,0.81063848531708,-1.33238111588192,0.221462356373724,-0.818902984766094,-0.380494912008057,1.40963855421687,1.26631956334879,-15.2607268822994,23.3946706201578
"108","WBI-NRT-NCS","WBI-NRT-NCS-3",7.0937909209952,12.1515959059777,2.00772797527048,9.82131582862745,1.50183528477377,1.87179005724411,0.727782776209895,1.53073303145107,0.583646957508623,1.82137698188596,0.78202498618406,0.879732608384184,0.746826565623027,0.361256046341694,-1.54475965134378,0.427470586117976,-0.931999721019094,-0.145416319644603,1.63855421686747,0.798958690046365,-15.343795875528,22.6590561677045
"109","SFA-ONE-PRO","SFA-ONE-PRO-1",6.79550414666085,11.7477564296688,2.00927357032457,9.72864697511266,1.01858681500973,1.66360250083574,0.197873002568445,1.38650172403898,0.555192984235506,1.83898751519202,0.439127377877221,0.351920372453647,0.28835139955887,0.114392634495433,-1.54843214219637,0.369231746834245,-0.89430418128811,-0.975856329239051,1.35542168674699,0.266319563348788,-16.0479926169073,23.0535787389323
"110","SFA-ONE-PRO","SFA-ONE-PRO-5",6.79550414666085,11.7477564296688,1.77125193199382,9.74841896888593,0.775093661352425,1.35522818938656,0.0999353959058286,1.12453329029276,0.549407041323841,2.0041401348706,0.374224113390427,0.195941765916868,0.017556400095817,0.499443854225818,-1.59596086333105,0.376112789983035,-0.804586116235595,-1.09592387486458,1.36746987951807,0.266319563348788,-16.0480381989693,23.0540108921767
"111","WBI-NRT-NCS","WBI-NRT-NCS-1",7.0937909209952,12.1515959059777,1.98763523956723,9.82894213954847,1.48094006503975,1.8865472861446,0.655422376971591,1.53821450755097,0.595594183223714,1.8156191275891,0.780263856809946,1.02602171737194,0.785816369005309,0,-1.46977909377704,0.421721498270667,-0.977947651610651,-0.231176939311217,1.56024096385542,0.798958690046365,-15.3438017263304,22.6590557172523
"112","BRF-ONE-COM","BRF-ONE-COM-5",6.38007420340463,11.8781392549521,1.72488408037094,9.94113234454913,0.874986717665189,1.56550226144844,0.192166683169244,1.52797591661305,0.776387051746883,1.86040764481585,0.621298360148512,0.563612432574948,0.000925137982672891,0.687334711913107,-1.56353804982719,0.242092832673673,-0.647404835664353,-0.579452414724163,1.59638554216867,0.688426084465051,-15.490275737664,23.2042337132437
