"","Site","SiteSamp","MAP.mm","MAT.C","ph","P","K","Cu","Mn","S","Zn","TIN","p.resin","doc","perc.C","perc.sand","perc.clay","basal.area.m2","max.height.m","stand.age.yrs.num","samp.lon","samp.lat"
"1","CGF-MXG-PRO","CGF-MXG-PRO-5",1.11687,1.20411998265592,5.39,1.67679991105286,1.78862870755212,0.604577647549209,1.76585907657909,1.44317198809076,1.65656615578293,0.366567135200486,0.695512382244671,0.169867886500289,-1.75693670090049,-0.31473054501745,-0.562385865948945,-1.07148636314688,1.87,1.11394335230684,-80.652339144789,35.5497845592872
"2","CGF-MXG-PRO","CGF-MXG-PRO-6",1.11687,1.20411998265592,5.34,2.02035079130247,2.15847700613201,0.681012118677631,1.84580427385624,1.5764434119246,1.67057463277655,0.328917521866905,1.39213548857496,0.889235974881919,-1.79164210748646,-0.513349313484355,-0.450487502781893,-0.862368690335444,2.24,1.11394335230684,-80.6526884537982,35.5498619879254
"3","CGF-MXG-PRO","CGF-MXG-PRO-7",1.11687,1.20411998265592,5.365,1.84652742522746,2.06108499837515,0.610332517293952,1.81274200352092,1.4654591170526,1.66420789807681,0.588176068129455,1.21951637670591,0.741784405837299,-1.75693670090049,-0.317266622523037,-0.513874330338184,-0.533667268073605,1.82,1.11394335230684,-80.6530264735759,35.5499706790509
"4","CGF-MXG-PRO","CGF-MXG-PRO-8",1.11687,1.20411998265592,5.52,1.92700784675595,2.21312695837198,0.656041803794208,1.90785377678801,1.44806945766184,1.68336493100544,0.371198012420646,1.09942061743603,0.787473806100312,-1.72233310942698,-0.190420004971448,-0.560841527455125,-0.372355538782396,2.18,1.11394335230684,-80.6533495427496,35.550120771849
"5","CRE-MXT-NCD","CRE-MXT-NCD-4",1.19221,1.24303804868629,5.85,2.34979065869225,1.65226993178428,0.195652197568376,1.91454524154983,0.997521345596888,1.45416293291088,0.295251451047715,0.764974477468983,0.126314896652473,-2.15814389115345,0.556177871968196,-0.950195520879933,-1.3097255289514,1.94,0.698970004336019,-78.0463370150671,35.3704884944092
"6","CRE-MXT-NCD","CRE-MXT-NCD-5",1.19221,1.24303804868629,5.68,1.44648313690663,1.58423286755998,0.271740619561994,1.83939606118979,1.11971479248471,1.63827216398241,0.302922213523651,0.0896280918153267,0.51929024324734,-1.89064541605808,0.296452456498007,-0.741673771059754,-1.75466210029967,1.88,0.698970004336019,-78.0452728583872,35.3710820648143
"7","CRE-MXT-NCD","CRE-MXT-NCD-6",1.19221,1.24303804868629,5.76,1.54338447472032,1.82044852758294,0.261426578469083,1.98289334241669,1.22001206891919,1.59604195763896,0.370056561307924,0.0439404842568423,0.310743452087083,-1.86703631276131,0.319004477753982,-0.739755482089208,-1.70350957785228,1.71,0.698970004336019,-78.0451605821911,35.3710225064619
"8","WBI-NRT-NCS","WBI-NRT-NCS-4",1.30015,1.24551266781415,6.62,2.51811321996897,1.90848501887865,0.683595142769065,1.14747468631351,1.11971479248471,1.77815125038364,0.580061759567383,1.43292895125553,0.0116956582690654,-1.95781370392219,0.401079255862686,-1.66900484092707,-0.435221410577621,2.54,0.903089986991944,-78.1019152067514,34.7674441420945
"9","WBI-NRT-NCS","WBI-NRT-NCS-6",1.30015,1.24551266781415,6.475,2.52005415348603,1.71484983835667,0.664706800465852,1.14128755171574,1.11624121206912,1.79886487089354,0.512082818603396,1.36248249029505,0,-1.99126995046971,0.471317363336369,-1.66856004445354,-0.812432524966044,2.34,0.903089986991944,-78.1019049448889,34.7674653207346
"10","BRF-ONE-COM","BRF-ONE-COM-1",1.16934,1.21748394421391,5.455,1.49842737812975,1.65386632568942,0.153427274419737,1.49842737812975,1.07979422354092,1.32605800136591,0.437582407319727,0.223350487000713,0.298502581045133,-2.01353939863647,0.385764535418173,-1.26138113922112,-0.980405893799546,2.43,0.778151250383644,-78.8478425503366,35.603444916729
"11","BRF-ONE-COM","BRF-ONE-COM-7",1.16934,1.21748394421391,5.555,1.28111176682947,1.52838469390418,0.0998948665575186,1.50091751348716,1.08660526412683,1.19081451587639,0.322171313778735,0.418020965604223,0.428013746838768,-2.06687379282703,0.451257561401301,-1.31238367511698,-0.798699610466067,2.82,0.778151250383644,-78.8476296450411,35.603714417103
"12","CCR-ONE-NCD","CCR-ONE-NCD-5",1.17702,1.22010808804006,6.1,2.39967372148104,1.53246037391623,0.634244674699364,1.36172783601759,1.17161395670094,2.49243801280377,0.482085274125284,1.43299947283212,0.449322011185914,-1.97422649947248,0.708113173958998,-1.09532252144749,-0.651286045042378,2.47,1.43136376415899,-78.5125149128145,35.6650221571979
"13","CGF-MON-PRO","CGF-MON-PRO-3",1.11687,1.20411998265592,6.94,1.96945222105983,2.07145161027292,1.00393029362843,1.40510010048552,1.50743528141336,1.97683213494797,0.471849058315623,0.199773412764495,1.00104302810764,-1.59644127095612,-0.091544420551095,-0.243688960514844,-1.45169760485848,2.13,1,-80.6537254066828,35.5536776151124
"14","CGF-MXG-PRO","CGF-MXG-PRO-1",1.11687,1.20411998265592,5.525,2.16777161772046,2.25335043344733,0.739349166322692,1.84968709345269,1.5191883103269,1.78000325524524,0.304703592996725,0.193293835829736,0.82273963926442,-1.73438868515848,-0.476461776547777,-0.519546607251814,-1.81265404727735,1.5,1.11394335230684,-80.651022458945,35.5492517826623
"15","WBI-NRT-NCS","WBI-NRT-NCS-8",1.30015,1.24551266781415,6.41,2.45962761160671,2.08671892712103,0.64290901547394,1.0761826531324,1.16912954615841,1.66154350639539,0.639077548814602,1.29533387233613,0.311386938170468,-1.92296284224727,0.623523936671537,-1.65228435346462,-0.54166641749343,2.31,0.903089986991944,-78.1011919296536,34.7671827884918
"16","CRE-MXG-NCD","CRE-MXG-NCD-5",1.19221,1.24303804868629,5.98,2.41483089052121,1.9586712759855,0.406606187650725,1.74788733151409,1.01293527064348,1.57960636972926,0.442128990416193,0.841318314300972,0.108080969918261,-2.12166925204345,0.785135427891577,-1.59019675313538,-1.44215228695225,1.67,0.602059991327962,-78.046146061207,35.3699991408175
"17","CRE-MXT-NCD","CRE-MXT-NCD-3",1.19221,1.24303804868629,5.885,2.44290474076434,1.68536214371584,0.286052839694328,2.0525570032504,1.07979422354092,1.47218603704415,0.313323570847499,1.00671378627891,0.240952435862104,-2.17758022011734,0.543008091883875,-0.888371058378509,-1.13923814741372,2.23,0.698970004336019,-78.0464688701047,35.3704932320054
"18","BRF-ONE-COM","BRF-ONE-COM-2",1.16934,1.21748394421391,5.62,1.12676048453977,1.73317595230636,0.184967659645376,1.31297076631682,1.18067891948209,1.22567515746941,0.416756802646271,0,0.599245183938199,-1.92296284224727,0.245466605114949,-0.960483488182132,-1.04195228454932,2.24,0.778151250383644,-78.8476296450411,35.603489833458
"19","BRF-ONE-COM","BRF-ONE-COM-8",1.16934,1.21748394421391,5.86,1.1006166740456,1.6051510683051,0.160296991872449,1.38246732201583,1.1006166740456,1.15490195998574,0.357831415870934,0.569384701057062,0.420052187889987,-2.01353939863647,0.383522355528769,-0.858784150879398,-0.787055629302359,2.74,0.778151250383644,-78.8477805652506,35.603759333832
"20","CCR-ONE-NCD","CCR-ONE-NCD-6",1.17702,1.22010808804006,6.855,2.09649496628489,1.49964605531859,0.457226426002723,1.05302107679925,0.998051031215722,2.23650718152734,0.42801755433295,1.03277976997464,0,-2.22657806215533,0.759258353889943,-1.08544809449927,-0.502633034333636,2.61,1.43136376415899,-78.5126886408091,35.6654603157956
"21","CGF-MON-PRO","CGF-MON-PRO-4",1.11687,1.20411998265592,6.815,1.39881870291595,1.90712551086002,0.724586931675854,1.30349680591694,1.61811432537892,1.53373667286855,0.518797452504014,0.850082661130313,0.860589966977029,-1.50078158890516,-0.114863179716564,-0.190171344913192,-1.46442868166341,1.72,1,-80.6536030556511,35.5536871496687
"22","CGF-MXG-PRO","CGF-MXG-PRO-2",1.11687,1.20411998265592,5.705,1.88081359228079,2.15305227506711,0.665111737075051,1.88152730564093,1.43536650661266,1.7501225267834,0.308824745694623,1.07269381905304,0.8203091158053,-1.62050086253796,-0.407669380670407,-0.502550539078948,-0.384254762082104,2,1.11394335230684,-80.6513568173502,35.549370612973
"23","CGF-MON-PRO","CGF-MON-PRO-1",1.11687,1.20411998265592,6.605,1.75046301639857,1.88249105470581,0.866461091629782,1.33657744478079,1.44806945766184,1.7948569438865,0.360866833393608,1.28706331762156,0.93419062261262,-1.58224166301969,-0.201384990534699,-0.0843444912520901,-0.801930181885579,2.27,1,-80.6539494550943,35.5537927947372
"24","CRE-MXG-NCD","CRE-MXG-NCD-6",1.19221,1.24303804868629,5.72,1.93524779487326,1.80865879225684,0.340070899902468,1.6824042472919,1.17205931846063,1.52715754325961,0.435678539416363,0.868974941203467,0.543905183295317,-2.03219817056824,0.299847134368179,-1.32048343598605,-1.48790977751293,1.86,0.602059991327962,-78.0466881439209,35.3696995811552
"25","CGF-MON-PRO","CGF-MON-PRO-7",1.11687,1.20411998265592,6.595,1.52038994487664,1.79038570680066,0.795052000921845,1.54906167812405,1.50450322543507,1.65550431055493,0.254233747693996,0.493318108800681,0.964402522768579,-1.62623812971104,-0.164220436880906,-0.353220653383963,-0.890596221209429,2.14,1,-80.6532425592708,35.5536731346906
"26","BRF-ONE-COM","BRF-ONE-COM-3",1.16934,1.21748394421391,5.795,1.34711404510916,1.85610303249443,0.159109160920538,1.40374290453818,1.12676048453977,1.28934423733879,0.434131815552897,0,0.536269128850781,-1.90830919115078,0.30564433440437,-1.09514887810144,-0.946547626538579,2.36,0.778151250383644,-78.8476970201346,35.603534750187
"27","CCR-ONE-NCD","CCR-ONE-NCD-1",1.17702,1.22010808804006,6.78,2.43999327370025,1.59089192532168,0.80269419146117,1.39847833471791,1.07381777511307,2.53483255904984,0.507178191134431,1.59703037471475,0.294772149678653,-1.97842634732228,0.679371633212233,-1.01576014672565,-0.221248683480211,2.69,1.43136376415899,-78.5121892344915,35.6651156910825
"28","CCR-ONE-NCD","CCR-ONE-NCD-7",1.17702,1.22010808804006,5.82,2.57174829877363,1.77433135657326,0.802019590558336,1.52228947180879,1.21096659552852,2.7077144839517,0.687729271889146,1.70623119308295,0.520538836200509,-1.90471994232921,0.613797346918624,-1.07777834861682,-0.600847235955137,2.33,1.43136376415899,-78.5126798308753,35.6649857847519
"29","CGF-MON-PRO","CGF-MON-PRO-5",1.11687,1.20411998265592,7,1.65613460709956,1.99884400918884,0.825828580744744,1.48600877707144,1.53034562231777,1.90855288269345,0.494908611123526,1.04902043817101,0.880047499107664,-1.39631681312087,-0.12308582506812,-0.231179028287479,-1.00453957351627,2.12,1,-80.6534993912568,35.5535752210817
"30","CGF-MXG-PRO","CGF-MXG-PRO-3",1.11687,1.20411998265592,5.325,2.03997685118263,2.20482313103974,0.683691738517217,1.82639478391398,1.48614174539356,1.74472749489669,0.310196305856233,1.40729436333304,0.688619532049104,-1.73930268006272,-0.299767842492488,-0.563033556369942,-1.2756063458028,2.1,1.11394335230684,-80.6516817172101,35.5495156361785
"31","CRE-MXG-NCD","CRE-MXG-NCD-1",1.19221,1.24303804868629,4.435,2.57740341182798,1.70757017609794,0.404570587571051,1.8790517461245,1.17161395670094,1.40457058757105,0.319681871955453,1.15137155365846,0.53781669273986,-2.1395292720594,0.677141092027942,-1.51950046499066,-0.990299134401656,1.76,0.602059991327962,-78.0444347336108,35.3695802910101
"32","CRE-MXG-NCD","CRE-MXG-NCD-7",1.19221,1.24303804868629,5.91,2.1654531717566,1.81217033767307,0.566459316586738,1.57058617692528,1.17286228892548,1.70693893400729,0.233290883407472,0.575988630232939,0.502719168986972,-2.11015226618299,0.425372244499032,-1.4384442667565,-1.42006475698942,1.81,0.602059991327962,-78.0470440636476,35.3700587520628
"33","SFA-ONE-PRO","SFA-ONE-PRO-8",1.24548,1.20411998265592,5.89,1.89542254603941,1.93348728784871,0.146128035678238,1.14238946611884,1.13987908640124,1.10720996964787,0.281479386866518,1.17834118318049,0.338691200709082,-2.03698843608998,0.534300263061598,-1.4129857267353,-1.81487550727131,2.42,0.301029995663981,-81.6866529300231,35.3736261564306
"34","BRF-ONE-COM","BRF-ONE-COM-4",1.16934,1.21748394421391,5.88,1.40431615163057,1.82857325208367,0.152339743221143,1.59738172905019,1.10601081247026,1.24667233334139,0.487330834629822,0.284341049198078,0,-2.04672746949238,0.368582458385629,-1.10217335631992,-0.984336187427979,2.42,0.778151250383644,-78.847858720359,35.603579666916
"35","CCR-ONE-NCD","CCR-ONE-NCD-2",1.17702,1.22010808804006,7.13,2.24935125106701,1.69405650084175,0.631570588836501,1.25977300632998,1.01598810538413,2.48162175594634,0.601615096758572,1.122400534713,0.377400234696723,-2.05167862121784,0.808118762488007,-1.01274089321549,-0.455185932704306,2.71,1.43136376415899,-78.5122984461369,35.6652312679346
"36","CCR-ONE-NCD","CCR-ONE-NCD-8",1.17702,1.22010808804006,6.285,2.3048175896851,1.61910902924707,0.641816913791928,1.09964429999531,1.06169051388729,2.46609796035862,0.566570909401214,1.30001782546901,0.290765556933091,-2.1395292720594,0.658791520541791,-0.955995623793237,-0.422765042259997,2.82,1.43136376415899,-78.5128396231975,35.6653542649879
"37","CGF-MON-PRO","CGF-MON-PRO-6",1.11687,1.20411998265592,7.235,1.61005929018088,2.11981401065867,0.822235157054753,1.62878177899786,1.4654591170526,1.96523789374079,0.537215959626372,0.675394910169014,0.837876573498049,-1.257293765067,0.134932350626847,-0.279148297487701,-1.15845785362076,2.25,1,-80.6533842526114,35.5535378751264
"38","CGF-MXG-PRO","CGF-MXG-PRO-4",1.11687,1.20411998265592,5.645,2.08278537031645,2.12139568070722,0.769007870943774,1.89831372302541,1.49136169383427,1.81291335664286,0.228149477067705,1.28642392144105,0.629067070259666,-1.74929451036117,-0.499304057078107,-0.484268121337221,-0.992640350216558,2.06,1.11394335230684,-80.6520185165303,35.5496277070324
"39","CRE-MXG-NCD","CRE-MXG-NCD-2",1.19221,1.24303804868629,5.68,2.3651758796084,1.87602529149432,0.45229767099463,2.09604055429543,1.10266234189715,1.68424674751531,0.257279845263089,0.957230775392015,0.276486048016972,-2.1395292720594,0.65287882896734,-1.53091767612659,-0.901877231619118,1.44,0.602059991327962,-78.0449336714644,35.3694333977764
"40","CRE-MXG-NCD","CRE-MXG-NCD-8",1.19221,1.24303804868629,5.94,1.65647790120311,1.73102590205629,0.288561355104383,1.44539856445802,1.09063731167428,1.37263414340727,0.271645728297705,0.347244351220329,0.402005683552125,-1.92670293361875,0.268923680043396,-1.11169049635375,-1.11724385370755,2.09,0.602059991327962,-78.0475240920325,35.369978769257
"41","UCP-MXG-NCD","UCP-MXG-NCD-2",1.16637,1.22530928172586,5.13,2.1668246580284,1.59476075258646,0.176091259055681,0.920818753952375,1.24715461488113,1.28254658996997,0.328940677349188,0.546231067222127,0.344577564905788,-1.99126995046971,0.684328014913932,-1.27162214561246,-1.08124620043604,2.06,1.43136376415899,-77.6791334268051,35.8956564025115
"42","CCR-ONE-NCD","CCR-ONE-NCD-3",1.17702,1.22010808804006,7.01,2.15370334951996,1.66771863446899,0.611662873616529,1.14385225152611,1.0316547327481,2.41388557161778,0.553644266042483,1.05561516825942,0.262123621321468,-1.99126995046971,0.620920505694596,-0.998086728732673,-0.849637613530522,2.39,1.43136376415899,-78.5124414134691,35.6655156232206
"43","UCP-MXG-NCD","UCP-MXG-NCD-4",1.16637,1.22530928172586,5.05,2.50088525731458,1.70075864246214,0.370921165941376,0.947293649483997,1.22719271506972,1.63202321470541,0.334676170929998,1.20581773443292,0.197064508409069,-1.91557569854,0.60460649206655,-1.27369840808822,-1.04534670073256,1.96,1.43136376415899,-77.6793106089689,35.8957409273436
"44","UCP-MXG-NCD","UCP-MXG-NCD-6",1.16637,1.22530928172586,4.725,2.66419646912427,1.63453030080759,0.347928865283466,1.05837274005943,1.47635866544224,1.44824512698343,0.461861082828048,1.03677185010073,0.690498847748353,-1.89412257776595,0.428911174594958,-1.39904666053237,-0.159441533502009,2.64,1.43136376415899,-77.6794227080479,35.8958579937181
"45","WBI-NRT-NCS","WBI-NRT-NCS-7",1.30015,1.24551266781415,6.275,2.43310624044728,2.00432137378264,0.619343099468473,1.00259060109727,1.11279971904057,1.56528259383342,0.521581213791078,1.41749376587059,0.358648167950687,-2.09342168516224,0.585379329695679,-1.67173314457232,-0.430508305788547,2.41,0.903089986991944,-78.1012101567425,34.7671805772339
"46","CRE-MXG-NCD","CRE-MXG-NCD-3",1.19221,1.24303804868629,5.215,2.52556305827007,1.73719264270474,0.510545010206612,1.96473092105363,1.18752072083646,1.66651798055488,0.389239786550811,1.11229479818261,0.444150087527648,-2.11587316331938,0.696125484320885,-1.79195003777146,-0.935823761146806,1.31,0.602059991327962,-78.0453008293768,35.3697528027965
"47","CRE-MXT-NCD","CRE-MXT-NCD-1",1.19221,1.24303804868629,6.05,2.27352364848023,1.86142337934389,0.295226419564741,2.11225492911356,1.09706371836514,1.52670515313339,0.397968983501451,0.796180141730418,0.439275384827265,-2.13349516175906,0.445676678006422,-0.882742961252304,-1.12947831012457,2.36,0.698970004336019,-78.0478664529638,35.371
"48","CRE-MXT-NCD","CRE-MXT-NCD-7",1.19221,1.24303804868629,5.265,2.31189162844877,1.50371319669014,0.195652197568376,1.85767563786492,1.09279479189664,1.23231418329452,0.38566151223971,0.709733193976361,0.535910451428144,-2.13349516175906,0.515657555722959,-0.901334844110274,-1.27754084558,1.4,0.698970004336019,-78.0441529169746,35.3698379007697
"49","BRF-ONE-COM","BRF-ONE-COM-6",1.16934,1.21748394421391,5.57,1.08660526412683,1.67716626827689,0.181054678587231,1.44150552879121,1.31863894072218,1.11163326982876,0.385748201603292,0.0522762500819954,0.678038143611419,-2.15185120848112,0.151455193143941,-0.563547841062749,-1.27754084558,2.47,0.778151250383644,-78.8478209903067,35.603669500374
"50","CCR-ONE-NCD","CCR-ONE-NCD-4",1.17702,1.22010808804006,6.825,2.35448655343577,1.63075610062352,0.775292158544116,1.29880152096396,1.01906720190848,2.66557360512018,0.444038778440338,1.27343277447826,0,-2.02745921443862,0.749137176839291,-1.25551913845241,-0.327193380024203,2.42,1.43136376415899,-78.5124741815211,35.6652489821058
"51","CGF-MON-PRO","CGF-MON-PRO-2",1.11687,1.20411998265592,6.96,1.74054417486333,1.96286443181385,0.843669438456639,1.52392577915181,1.47327717609792,1.87339410402424,0.555667036617983,0.923890194975665,0.911766884446966,-1.33085037823519,-0.000910948199076715,-0.443078262398854,-1.50285012730587,1.87,1,-80.6538595598013,35.5535913669921
"52","CGF-MON-PRO","CGF-MON-PRO-8",1.11687,1.20411998265592,6.81,1.67272035371631,1.9994628995548,0.842300642375205,1.75209162897601,1.39085575492302,1.82876124373873,0.489264905527102,0.739532144095748,0.790320439108172,-1.58049730997695,0.0718356510183279,-0.698505377778978,-1.02972826401514,2.35,1,-80.6531516804706,35.5534780997425
"53","CRE-MXG-NCD","CRE-MXG-NCD-4",1.19221,1.24303804868629,5.305,2.43811234495909,1.63075610062352,0.38333465452123,1.86360383564152,1.1334886166115,1.57743751641963,0.233735953846727,0.845128391295595,0.427942997119255,-2.10450462000969,0.725833180120218,-1.78325569668033,-1.46047152916599,1.16,0.602059991327962,-78.0457395696451,35.3698189164033
"54","CRE-MXT-NCD","CRE-MXT-NCD-2",1.19221,1.24303804868629,5.77,2.19870530707127,1.79520900951329,0.230896878593753,1.94973230773211,1.06169051388729,1.30482298468112,0.35328111226739,0.723827382449847,0.347241443527071,-2.19791474036652,0.407464258667499,-0.8686838708234,-1.53203851643335,2.2,0.698970004336019,-78.047735625211,35.3709923860061
"55","CRE-MXT-NCD","CRE-MXT-NCD-8",1.19221,1.24303804868629,5.39,2.29771454476915,1.53924483056389,0.177306069587362,1.88249105470581,1.13369988736084,1.22548303427145,0.410224737810538,0.647041041118539,0.384564876885222,-2.19103160884862,0.501586782653959,-0.86538332982403,-1.4024795821883,1.88,0.698970004336019,-78.0440352022114,35.3697935704051
"56","LCO-MXT-COM","LCO-MXT-COM-1",1.25935,1.24303804868629,4.3,1.69361349686399,1.56210091109118,0.044354276151237,0.293968141176494,1.4104597500595,0.809668301829708,0.581694959726504,0.41849840957428,0.724084412853135,-1.35274985259035,0.0761760609190879,-1.16648229295064,-1.44215228695225,2.1,1,-77.4673343212149,35.2635236766504
"57","LCO-MXT-COM","LCO-MXT-COM-7",1.25935,1.24303804868629,4.32,1.39721558067771,1.49427057598786,0.0430346322252019,0.210853365314893,1.33912004527212,0.619788758288394,0.427924660726441,0.256039841296041,0.822183585226254,-1.38704636047737,-0.0944780514158428,-0.597953285739029,-1.48166082823593,2.17,1,-77.4681429468636,35.2629480596771
"58","LWR-BHO-NCS","LWR-BHO-NCS-5",1.17624,1.21748394421391,6.215,2.44460447281285,2.11476200378752,0.487911734803169,1.2338099789203,1.18043967567789,1.60816259031482,0.288190121652057,1.22849672472409,0.513376242649998,-1.77797467201898,0.39956488023989,-0.926578814994065,-0.78956964200654,2.53,1.07918124604762,-78.7027957581743,35.7355643592
"59","UCP-MXG-NCD","UCP-MXG-NCD-3",1.16637,1.22530928172586,4.95,2.24797326636181,1.78532983501077,0.193124598354462,0.950364854376123,1.20951501454263,1.35024801833416,0.440163150286072,0.867661939595426,0.292667303270807,-1.82326268777211,0.639175390643689,-1.59302656904161,-1.36297104090463,1.95,1.43136376415899,-77.6791525155803,35.8957334160809
"60","MHC-ONE-NCD","MHC-ONE-NCD-6",1.20784,1.1430148002541,6.665,1.82127212915503,2.43716621648075,0.506576234057938,1.54275992745194,1.29988560901524,1.32330639037513,0.276300218460752,1.28043788324721,0.459244614195541,-1.65812237007841,-0.0323328828225218,-0.499869420179643,-0.751956206923741,2.46,1.04139268515823,-82.5573526740169,35.4170704853143
"61","OTO-MON-NCD","OTO-MON-NCD-4",1.12755,1.20139712432045,5.63,1.7151075829558,1.6051510683051,0.210853365314893,0.854956345613982,1.18428573767095,1.38214574148881,0.489517565237206,0.67400123472395,0.134270567068511,-2.08261025157137,0.244183884659733,-0.66914639468549,-0.969777467257054,1.96,0.954242509439325,-78.6123373675745,36.3013831718452
"62","OTO-MXT-NCD","OTO-MXT-NCD-2",1.12755,1.20139712432045,5.43,1.94055083144545,1.72200948751336,0.128666609127543,0.575028500041668,1.17005929428577,0.935542010773082,0.216571398079899,0.613078895321556,0.269546205450293,-2.09342168516224,0.193937619564323,-0.664997689979836,-1.45169760485848,1.84,0.903089986991944,-78.6158059859806,36.3011442287838
"63","OTO-MXT-NCD","OTO-MXT-NCD-8",1.12755,1.20139712432045,5.21,1.72980094924469,1.57527033984327,0.210853365314893,0.521324917211716,1.27547589119159,0.905024486769143,0.38214093531093,0.132147861192954,0.265674678164444,-2.0720572320339,0.297483521138188,-0.67840018683728,-0.934648403238871,2.71,0.903089986991944,-78.6157849649514,36.3006769151353
"64","LCO-MXT-COM","LCO-MXT-COM-2",1.25935,1.24303804868629,4.265,1.64355879609133,1.52189697144924,0.0845954949294846,0.243704655850023,1.49286548509405,0.730487055782084,0.559646306788886,0.353463449044923,0.886446255506576,-1.36573267571488,0.317389855997576,-1.31215882734761,-1.05569209596365,2.19,1,-77.4674533438118,35.2634119296045
"65","LCO-MXT-COM","LCO-MXT-COM-8",1.25935,1.24303804868629,4.22,1.53147891704226,1.41497334797082,0.0413926851582251,0.230448921378274,1.30102999566398,0.602059991327962,0.453460330930981,0.369110065408642,0.666510272103962,-1.37347368055268,0.109032668855599,-0.936587173904598,-1.45169760485848,2.05,1,-77.4682653361184,35.262839679289
"66","LWR-BHO-NCS","LWR-BHO-NCS-6",1.17624,1.21748394421391,6.195,2.40493838691132,2.14859006491808,0.326837259270267,1.2731194313576,1.21235069928548,1.63202321470541,0.312452032494786,1.22544048560125,0.517330390789275,-1.72233310942698,0.47811533341844,-1.00082027910028,-1.40075960179403,2.38,1.07918124604762,-78.7028609283133,35.7356555706857
"67","MHC-ONE-NCD","MHC-ONE-NCD-1",1.20784,1.1430148002541,6.04,1.63008871492821,2.22444673033627,0.309984838316908,1.27922954015871,1.35936110273849,1.01772876696043,0.330008913010772,0.209442763150304,0.673786772927089,-1.83228862638049,0.0962009376644331,-0.510683939527478,-1.72833316157732,2.2,1.04139268515823,-82.5574797547466,35.4168249976603
"68","MHC-ONE-NCD","MHC-ONE-NCD-7",1.20784,1.1430148002541,6.38,1.91863254785697,2.44672880499757,0.575875408426089,1.53120705820277,1.36810876963899,1.34909144113422,0.218436308945399,0.499539719231752,0.537465919967749,-1.57016847889013,0.0436244910359345,-0.527433210537563,-1.08124620043604,2.4,1.04139268515823,-82.5573223004607,35.4170563775999
"69","OTO-MON-NCD","OTO-MON-NCD-5",1.12755,1.20139712432045,5.49,1.65748079856802,1.50200669934956,0.287839995446961,0.921708701972611,1.16658443341475,1.36317790241283,0.435662861409534,0.464424433699254,0.0227846865546709,-2.06687379282703,0.31126977837499,-0.717871853564768,-0.798699610466067,2.35,0.954242509439325,-78.6123219806476,36.3013632451723
"70","OTO-MXT-NCD","OTO-MXT-NCD-3",1.12755,1.20139712432045,5.185,1.92978049882866,1.55039071625042,0.102257593981642,0.41378917687069,1.20531936061209,0.901164065955905,0.23250465374509,0.373247118876058,0,-2.08261025157137,0.289466476094123,-0.720652394091945,-0.838208151749741,2.33,0.903089986991944,-78.6158054469798,36.3010663431757
"71","UCP-MXG-NCD","UCP-MXG-NCD-8",1.16637,1.22530928172586,5.19,2.29061838963327,1.62307974345766,0.218991538771875,0.849147435149965,1.21942132058023,1.31158017799729,0.420558553976714,1.05560346728287,0.551894087030469,-2.0720572320339,0.598831361300212,-1.58055019854572,-0.682320278782346,2.06,1.43136376415899,-77.6795299861576,35.8959774705773
"72","LCO-MXT-COM","LCO-MXT-COM-3",1.25935,1.24303804868629,4.43,1.44806945766184,1.49952536432128,0.048304679574555,0.231949076520682,1.38968713359548,0.54770232900537,0.448024402518154,0.225186647534149,0.681017898204626,-1.37124900700091,0.0498598979285769,-1.00397697380505,-1.79527995120793,1.55,1,-77.4675935090367,35.2633214502649
"73","LWR-BHO-NCS","LWR-BHO-NCS-1",1.17624,1.21748394421391,6.105,2.38078311914821,1.80204241726563,0.154530609401422,1.18877229081477,1.14052415816024,1.46329305529609,0.293225925922277,0.569908924074171,0.131143626176631,-2.00899504478373,0.266966223542156,-1.06384484714663,-0.868876971516193,2.29,1.07918124604762,-78.7025533733333,35.7351830471138
"74","LWR-BHO-NCS","LWR-BHO-NCS-7",1.17624,1.21748394421391,6.185,2.13466640274429,2.03370799292156,0.257217836382343,1.00393029362843,1.20821326914868,1.30539480106643,0.277788547437073,1.23803670898083,0.428760311747722,-1.79164210748646,0.454208647993388,-1.03908334936388,-0.610755524615386,2.68,1.07918124604762,-78.7029534752526,35.7357221430511
"75","MHC-ONE-NCD","MHC-ONE-NCD-2",1.20784,1.1430148002541,6.82,1.69419798419965,2.32703223472791,0.307694491895348,1.40363342221384,1.37438926092878,1.33544756046767,0.442848882060171,1.36354379009945,0.655476503340706,-1.68359707013567,0.270581745193162,-0.683741928477287,-0.974576350138822,2.3,1.04139268515823,-82.5574525153993,35.4168369266645
"76","MHC-ONE-NCD","MHC-ONE-NCD-8",1.20784,1.1430148002541,6.415,2.00873183599876,2.49462789265358,0.61201877249687,1.58575136358339,1.37438926092878,1.41116827440579,0.447950357826698,1.38821793383679,0.565176166858818,-1.60923857595509,0.0157289273179261,-0.580913889162912,-0.879600836907966,2.6,1.04139268515823,-82.5573090519842,35.4170742682127
"77","OTO-MON-NCD","OTO-MON-NCD-6",1.12755,1.20139712432045,5.68,1.72200948751336,1.45615653265132,0.308454013743188,0.80828083824575,1.17005929428577,1.31575325248469,0.40623706563585,0.468375222766486,0,-2.10450462000969,0.373353343933197,-0.688793363085447,-0.995331571729442,2.03,0.954242509439325,-78.6123122985344,36.3013402652189
"78","OTO-MXT-NCD","OTO-MXT-NCD-4",1.12755,1.20139712432045,5.09,1.91934634098368,1.39675056737557,0.0991314730020144,0.324511091513504,1.14052415816024,0.886056647693163,0.297707731321738,0.383015433799974,0.161028266492054,-2.14564716197659,0.309469336800304,-0.795494479327062,-1.40594011429781,2.24,0.903089986991944,-78.6157796647774,36.3009884575676
"79","SFA-ONE-PRO","SFA-ONE-PRO-2",1.24548,1.20411998265592,6.66,1.79062052912311,1.90546802528045,0.218589488676597,1.22274077482043,1.2509669153608,1.36855623098683,0.345998915076719,1.1032827537163,0.334705442692804,-1.73438868515848,0.375998756170176,-1.22692202268386,-1.53906229996031,2.5,0.301029995663981,-81.6865757489119,35.3726315391079
"80","LCO-MXT-COM","LCO-MXT-COM-4",1.25935,1.24303804868629,4.335,1.54137682283739,1.68392282843865,0.0550475663309054,0.289130772364273,1.52416797556213,0.732828271596986,0.478742562654797,0.275760370456819,0.913837425072032,-1.16800428937617,0.0533051017640735,-0.862298125170211,-1.17142283078512,1.81,1,-77.4677349548457,35.263232126431
"81","LWR-BHO-NCS","LWR-BHO-NCS-2",1.17624,1.21748394421391,5.71,2.35785202169613,1.90848501887865,0.229336771008906,1.19336661256073,1.19817878901852,1.64687233574432,0.408458552908914,0.522426360950514,0.311967879948076,-1.91557569854,0.278442091059359,-1.0491572748708,-0.724517958576801,2.4,1.07918124604762,-78.7026730299821,35.7352252207407
"82","LWR-BHO-NCS","LWR-BHO-NCS-8",1.17624,1.21748394421391,6.14,2.51724524258652,2.02010559424835,0.265082448476383,1.21041604076189,1.20284974342952,1.53881794638179,0.253390533423957,1.10779230115337,0.356010845087928,-1.87700185331741,0.387940610947183,-0.94933643708351,-1.18063083257195,2.08,1.07918124604762,-78.7030425500124,35.7357918403781
"83","MHC-ONE-NCD","MHC-ONE-NCD-3",1.20784,1.1430148002541,6.01,1.62638500425076,2.30084113091567,0.45451346397419,1.45484486000851,1.37705272246678,1.33724216831843,0.30189868341581,0.771973379718478,0.58650846631446,-1.62816672770118,0.0215284900734443,-0.541314541851097,-1.48790977751293,2.5,1.04139268515823,-82.5574464278872,35.4168883784526
"84","OTO-MON-NCD","OTO-MON-NCD-1",1.12755,1.20139712432045,5.425,1.74598757736429,1.69946138038154,0.347606137705336,0.829607157043085,1.20667316156673,1.29691342946915,0.3842531151335,0.515287775355686,0.436074341167527,-2.05167862121784,0.260860853085668,-0.696565145153502,-0.858657806334507,2.22,0.954242509439325,-78.6123701099906,36.3014848139469
"85","OTO-MON-NCD","OTO-MON-NCD-7",1.12755,1.20139712432045,5.71,1.90492557281386,1.49939166737196,0.316888351164588,0.792854566687718,1.12699764453206,1.39433588440321,0.310449136789005,0.682439695739598,0.156563381937214,-2.13349516175906,0.391186870538192,-0.820538927079832,-1.08124620043604,2.1,0.954242509439325,-78.6122513132734,36.3013098931126
"86","OTO-MXT-NCD","OTO-MXT-NCD-5",1.12755,1.20139712432045,5.045,1.83543890869237,1.64204033546293,0.145142122696587,0.636822097587174,1.16113022808072,1.01357280718927,0.257259171817821,0.297719525562227,0.201129730468972,-2.09342168516224,0.299494967218988,-0.742781574421765,-1.37899848633878,2.24,0.903089986991944,-78.6157919719611,36.3009105719596
"87","SFA-ONE-PRO","SFA-ONE-PRO-3",1.24548,1.20411998265592,5.92,2.07543289849446,1.63535806471827,0.118099312077994,1.14027229102919,1.13033376849501,1.00673338265897,0.227619785531621,1.04469348369655,0.353311895236557,-2.0720572320339,0.520911945409776,-1.77345434265144,-1.30903010128975,2.56,0.301029995663981,-81.6863698679602,35.3727973086616
"88","LCO-MXT-COM","LCO-MXT-COM-5",1.25935,1.24303804868629,4,1.55105823940176,1.78002378877787,0.0505563734424439,0.324511091513504,1.56587695715398,0.936613021135607,0.789189485644813,0.56187274518343,0.670882624619841,-1.02866245271007,0.133266984866844,-0.993429994401684,-1.72469887692222,2.13,1,-77.4678768986823,35.2631434257031
"89","LWR-BHO-NCS","LWR-BHO-NCS-3",1.17624,1.21748394421391,6.005,2.42391201246874,1.86352448244622,0.202275841957554,1.15031403899559,1.13709650997013,1.44663193257176,0.230426094267614,0.56562199196709,0.818301683103303,-2.33523980472643,0.397159825800209,-1.30377314608892,-0.377694297725336,2.17,1.07918124604762,-78.7026397771857,35.7354098472105
"90","WBI-NRT-NCS","WBI-NRT-NCS-5",1.30015,1.24551266781415,6.565,2.51466322580159,1.85916441320193,0.667655941667617,1.12823064340724,1.11971479248471,1.77181107235262,0.550653432488543,1.40170843468142,0.349740455901111,-1.97006604076339,0.533681879810011,-1.66957982815262,-0.430048977896017,2.2,0.903089986991944,-78.1019224691993,34.7674677393414
"91","MHC-ONE-NCD","MHC-ONE-NCD-4",1.20784,1.1430148002541,6.88,1.42341307104451,2.22356480638381,0.366708771307959,1.46331390927232,1.26356361170472,1.35119660512971,0.421539768649767,0.710846135484995,0.64792902296461,-1.82029405065772,-0.047569769242404,-0.478732363620385,-0.779599746922767,2.2,1.04139268515823,-82.5574048188564,35.4168734573092
"92","OTO-MON-NCD","OTO-MON-NCD-2",1.12755,1.20139712432045,5.025,1.69611659873625,1.57151301564343,0.20937264624701,0.712590111275594,1.22863652654388,1.2691408512505,0.524330082724227,0.431729066225329,0.054809116115426,-2.05668585355971,0.263095313340022,-0.710756284030057,-0.939962746011987,1.99,0.954242509439325,-78.6123734846691,36.3014529955498
"93","OTO-MON-NCD","OTO-MON-NCD-8",1.12755,1.20139712432045,5.47,1.971382325154,1.50714775865702,0.472348739858417,0.878371090378881,1.17418854196223,1.49342376594206,0.411214422230649,0.779426358041457,0.207727759658061,-2.12166925204345,0.32682763984379,-0.791095596865076,-0.838913748138749,2.16,0.954242509439325,-78.6122707176746,36.3012667454378
"94","OTO-MXT-NCD","OTO-MXT-NCD-6",1.12755,1.20139712432045,5.01,1.69236755696195,1.54667251681499,0.207912971673064,0.492098410689315,1.22503708210435,0.943095148663528,0.297328133225871,0.206760737258344,0.21456710171171,-2.08261025157137,0.239451389837971,-0.657036208807429,-0.945643787540334,2.35,0.903089986991944,-78.6157861327863,36.3008326863515
"95","SFA-ONE-PRO","SFA-ONE-PRO-4",1.24548,1.20411998265592,5.935,1.65559734924312,1.91132262767931,0.184967659645376,1.18320683396461,1.18067891948209,1.02610280256421,0.184979758405509,0.464098316078665,0.372304943633796,-1.98266634555983,0.363601746603805,-1.77909522859668,-1.82160888993028,2.24,0.301029995663981,-81.6865579965553,35.3729630782154
"96","LCO-MXT-COM","LCO-MXT-COM-6",1.25935,1.24303804868629,4.065,1.44757703232205,1.76160279809707,0.0550475663309054,0.289130772364273,1.60410924445496,0.607889534988686,0.795880945113005,0.355739724206562,0.844812236059108,-1.01659555199882,-0.0393579911328994,-0.681702179055977,-1.42366888125824,1.99,1,-77.4680055130782,35.2630412704561
"97","LWR-BHO-NCS","LWR-BHO-NCS-4",1.17624,1.21748394421391,5.96,2.28346276654506,2.15522755876289,0.210853365314893,1.06539296156199,1.20894017067061,1.64975198166584,0.598407180807041,0.618059616614523,0.415502955946771,-1.81150445197849,0.341532594023194,-1.25462675568196,-0.814875507271311,2.31,1.07918124604762,-78.7028254052457,35.7353878122249
"98","UCP-MXG-NCD","UCP-MXG-NCD-7",1.16637,1.22530928172586,5.245,2.46376755735325,1.92527741521307,0.264897153447588,1.17218087151719,1.3425885370327,1.52651302993543,0.501579643474544,1.0693162997217,0.756999594934007,-1.89762709129044,0.62541518678489,-1.58483583075189,-0.420423826445094,2.47,1.43136376415899,-77.679461884195,35.8959249636016
"99","MHC-ONE-NCD","MHC-ONE-NCD-5",1.20784,1.1430148002541,6.45,1.61496241399386,2.36919672338737,0.485984715050968,1.37815429952373,1.29129559662242,1.12717161804059,0.180195913605198,0.69808321730836,0.527088815677942,-1.75951322467562,-0.0200032155455937,-0.435452310687152,-1.22638832313262,2.35,1.04139268515823,-82.5573695679312,35.4170594062265
"100","OTO-MON-NCD","OTO-MON-NCD-3",1.12755,1.20139712432045,5.37,1.63310759599763,1.54318082344538,0.27711783825857,0.676693609624867,1.2322698652699,1.20605448243312,0.465424767149931,0.466707030663662,0.173747699598441,-2.19103160884862,0.256508808874108,-0.649333671446414,-0.673546354474841,2.3,0.954242509439325,-78.6123378094967,36.3014407020782
"101","OTO-MXT-NCD","OTO-MXT-NCD-1",1.12755,1.20139712432045,5.62,1.77849579183916,1.68680644735299,0.169142399100353,0.873680357675314,1.2587056809417,1.1249387366083,0.473890032439294,0.492901676639535,0.190641481782287,-1.9498293981048,0.150106374014515,-0.656493087580527,-1.24757762220256,1.98,0.903089986991944,-78.6157914329603,36.3012221143919
"102","OTO-MXT-NCD","OTO-MXT-NCD-7",1.12755,1.20139712432045,5.25,1.69989963968614,1.73696532289745,0.186310424237367,0.385350881364017,1.25440995371371,0.950781977329818,0.272508704984329,0.381356787129905,0.556945731739139,-2.01813087458572,0.243762535367868,-0.576010797964802,-1.13642717007989,2.23,0.903089986991944,-78.6157820902807,36.3007548007434
"103","UCP-MXG-NCD","UCP-MXG-NCD-1",1.16637,1.22530928172586,4.805,2.23235536893349,1.87476920253207,0.200914842780713,1.14429942463183,1.22958935755111,1.45593195564972,0.47024199361419,0.952196717148372,0.45509413112627,-1.92296284224727,0.577639806985113,-1.58484697780163,-1.24457211206283,1.83,1.43136376415899,-77.6790261142926,35.8956235008107
"104","SFA-ONE-PRO","SFA-ONE-PRO-6",1.24548,1.20411998265592,6.42,2.03542973818455,2.04857126978535,0.1249387366083,1.11671840636161,1.07310709833543,1.1249387366083,0.33975835199602,0.102728266407303,0.0555461283958364,-2.04672746949238,0.599605027997808,-1.76971762582391,-1.72833316157732,2.6,0.301029995663981,-81.6866712213805,35.3732946173232
"105","SFA-ONE-PRO","SFA-ONE-PRO-7",1.24548,1.20411998265592,5.4,1.14967331644289,1.61451687770216,0.149168616232801,1.02152819450805,1.40807306805165,0.515700160653214,0.214717462120746,0.0104011228451068,0.495832505164857,-1.93047474750312,0.357470231984456,-0.905881388580751,-1.57857084124398,2.2,0.301029995663981,-81.6868588109749,35.3734603868768
"106","WBI-NRT-NCS","WBI-NRT-NCS-2",1.30015,1.24551266781415,6.595,2.36648185202877,1.97632105730079,0.679771542294812,1.13105771345661,1.13394148555237,1.71810501477628,0.638952187356339,1.23937471180984,0.66047679375437,-2.08798287138307,0.567003781993751,-1.47193142184662,-0.564330402129374,2.65,0.903089986991944,-78.1021697233373,34.7671286093871
"107","UCP-MXG-NCD","UCP-MXG-NCD-5",1.16637,1.22530928172586,4.595,2.66009717495815,1.76449636921096,0.40205657486687,1.36530966648071,1.4846387347849,1.66005193830565,0.525193371209046,1.13368070846326,0.8114840040424,-1.75693670090049,0.292655433977491,-1.39836327884785,-0.632446222026839,2.34,1.43136376415899,-77.6793192523108,35.8958231636297
"108","WBI-NRT-NCS","WBI-NRT-NCS-3",1.30015,1.24551266781415,6.495,2.36928213661392,2.05499586152914,0.700518292898879,1.10974723771323,1.13033376849501,1.71420997089276,0.585448589355648,1.27425878208902,0.361632846552083,-2.03698843608998,0.564888732972099,-1.59148789296671,-0.241706259605199,2.72,0.903089986991944,-78.1021525088614,34.7671265159785
"109","SFA-ONE-PRO","SFA-ONE-PRO-1",1.24548,1.20411998265592,6.5,1.6069136008857,1.82643146394335,0.19046020667305,1.05564480843544,1.14126274183497,0.962573502059376,0.234197622840106,0.491994152496469,0.114511949228519,-2.04183114504595,0.487927966076964,-1.52711878024304,-1.62203653502507,2.25,0.301029995663981,-81.6866163363009,35.3724657695541
"110","SFA-ONE-PRO","SFA-ONE-PRO-5",1.24548,1.20411998265592,5.73,1.22278094319885,1.48787429970508,0.0961915769767194,1.04464340753515,1.24375529820011,0.820304616675493,0.130396246948924,0.0299552774817274,0.499964788203964,-2.10450462000969,0.497021044927479,-1.37391571473638,-1.82160888993028,2.27,0.301029995663981,-81.6868483556256,35.3731288477693
"111","WBI-NRT-NCS","WBI-NRT-NCS-1",1.30015,1.24551266781415,6.43,2.33631802173505,2.07119748852292,0.630868687268092,1.13246371137096,1.12676048453977,1.71034955007952,0.682801752895055,1.34078440083204,0,-1.93811575478829,0.55729149691592,-1.66994883409594,-0.384254762082104,2.59,0.903089986991944,-78.1021822902961,34.7671258248231
"112","BRF-ONE-COM","BRF-ONE-COM-5",1.16934,1.21748394421391,5.58,1.38037135027818,1.71872943551569,0.184967659645376,1.47622355430456,1.15455592390554,1.3618949044874,0.375075449573663,0.00157849928394232,0.688051621336989,-2.06175046332556,0.319917949799977,-1.10551208822391,-0.963146888358041,2.65,0.778151250383644,-78.8477563102169,35.603624583645
